,Date,Age,Gender,Profession,Methodology,Reason,Time,District,Source
472,3/30/2012,8 to 12,Male,Student,Hanging,family feud,20:30:00,Dhaka,http://archive.thedailystar.net/newDesign/news-details.php?nid=228451
627,9/30/2012,8 to 12,Female,Student,Poison,allegation,23:30:00,Jessore,http://archive.thedailystar.net/newDesign/news-details.php?nid=252044
188,2/8/2011,8 to 12,Female,student,Poison,family feud,not given,Shatkhira,http://archive.thedailystar.net/newDesign/news-details.php?nid=173449
636,10/20/2012,8 to 12,Female,not given,Hanging,physical illness,not given,Dhaka,http://archive.thedailystar.net/newDesign/news-details.php?nid=254736
230,4/5/2011,8 to 12,Male,student,Poison,family feud,not given,Shatkhira,http://archive.thedailystar.net/newDesign/news-details.php?nid=180646
670,12/24/2012,8 to 12,Female,Student,Hanging,family feud,not given,Dhaka,http://archive.thedailystar.net/newDesign/news-details.php?nid=262499
592,9/4/2012,8 to 12,Male,Student,Hanging,family feud,0:30:00,Dhaka,http://archive.thedailystar.net/newDesign/news-details.php?nid=248457
179,1/25/2011,8 to 12,Female,student,Poison,failing in exam,not given,Shatkhira,http://archive.thedailystar.net/newDesign/news-details.php?nid=171614
763,7/24/2013,8 to 12,Female,Student,Hanging,family feud,Evening,Magura,http://archive.thedailystar.net/beta2/news/snippets-70/
478,4/3/2012,8 to 12,Male,Student,Poison,family feud,Noon,Rangpur,http://archive.thedailystar.net/newDesign/news-details.php?nid=229085
388,11/27/2011,8 to 12,Male,student,Hanging,family feud,morning,Manikganj,http://archive.thedailystar.net/newDesign/news-details.php?nid=211963
359,10/3/2011,8 to 12,Female,student,Hanging,family feud,not given,Manikganj,http://archive.thedailystar.net/newDesign/news-details.php?nid=205094
626,9/29/2012,8 to 12,Female,not given,Hanging,family feud,Night,Pabna,http://archive.thedailystar.net/newDesign/news-details.php?nid=252044
962,10/23/2014,8 to 12,Male,not given,Hanging,imitating suicide,noon,Sunamganj,http://www.thedailystar.net/boy-dies-while-imitating-suicide-acting-47151
306,7/19/2011,8 to 12,Female,student,Hanging,eve teasing,20:00:00,Dhaka,http://archive.thedailystar.net/newDesign/news-details.php?nid=194954
529,6/9/2012,8 to 12,Female,Student,Hanging,family feud,21:00:00,Thakurgaon,http://archive.thedailystar.net/newDesign/news-details.php?nid=237808
14,2/3/2010,8 to 12,Female,Student,Hanging,eve teasing,Afternoon,Pabna,http://archive.thedailystar.net/newDesign/news-details.php?nid=124952
75,7/19/2010,8 to 12,Female,Student,Poison,family feud,Night,Lalmonirhat,http://archive.thedailystar.net/newDesign/news-details.php?nid=147669
688,2/8/2013,8 to 12,Female,Student,hanging,physical illness; family feud,not given,Dhaka,http://archive.thedailystar.net/newDesign/news-details.php?nid=268417
897,5/31/2014,8 to 12,Female,not given,Hanging,mental disorder,Night,Chittagong,http://www.thedailystar.net/newsarchive/news-in-brief-26705
679,1/10/2013,8 to 12,Female,student,hanging,family feud,Afternoon,Pabna,http://archive.thedailystar.net/newDesign/news-details.php?nid=264706
696,3/6/2013,8 to 12,Female,not given,hanging,family feud,Morning,Bogra,http://archive.thedailystar.net/beta2/news/minor-girl-commits-suicide/
327,8/16/2011,8 to 12,Female,not given,Posion,family feud,night,Kushtia,http://archive.thedailystar.net/newDesign/news-details.php?nid=198997
640,10/22/2012,8 to 12,Male,Student,Hanging,family feud,Night,Dhaka,http://archive.thedailystar.net/newDesign/news-details.php?nid=255009
913,6/23/2014,8 to 12,Male,Student,Hanging,family feud,Afternoon,Magura,http://www.thedailystar.net/newsarchive/snippets-30218
590,8/27/2012,13 to 18,Female,Student,Hanging,forced marriage,not given,Barguna,http://archive.thedailystar.net/newDesign/news-details.php?nid=247595
674,12/28/2012,13 to 18,Female,Student,Hanging,academic problem,Evening,Jessore,http://archive.thedailystar.net/newDesign/news-details.php?nid=263192
253,4/22/2011,13 to 18,Female,slum residant,Poison,family feud,night,Dhaka,http://archive.thedailystar.net/newDesign/news-details.php?nid=182821
242,4/17/2011,13 to 18,Female,student,Poison,family feud,morning,Shatkhira,http://archive.thedailystar.net/newDesign/news-details.php?nid=182032
90,8/11/2010,13 to 18,Female,not given,Poison,family feud,Morning,Khagrachhari,http://archive.thedailystar.net/newDesign/news-details.php?nid=150414
223,3/15/2011,13 to 18,Female,not given,Hanging,family feud,18:30:00,Nilphamari,http://archive.thedailystar.net/newDesign/news-details.php?nid=177898
269,5/18/2011,13 to 18,Female,student,Poison,family feud,night,Nilphamari,http://archive.thedailystar.net/newDesign/news-details.php?nid=186366
163,11/20/2010,13 to 18,Female,Student,Hanging,eve-teasing,Morning,Dinajpur,http://archive.thedailystar.net/newDesign/news-details.php?nid=163025
743,6/21/2013,13 to 18,Female,housemaid,not given,something wrong at the employer's house,Night,Lalmonirhat,http://archive.thedailystar.net/beta2/news/teenage-domestic-help-commits-suicide-minor-beaten-up/
357,10/2/2011,13 to 18,Female,student,Hanging,family feud,23:00:00,Dhaka,http://archive.thedailystar.net/newDesign/news-details.php?nid=204974
61,5/13/2010,13 to 18,Female,not given,Hanging,eve teasing,10:30:00,Narayanganj,http://archive.thedailystar.net/newDesign/news-details.php?nid=138384
145,10/25/2010,13 to 18,Female,mentally ill,Hanging,mental illness,Afternoon,Dhaka,http://archive.thedailystar.net/newDesign/news-details.php?nid=160042
739,6/15/2013,13 to 18,Female,not given,hanging,family feud,Night,Dhaka,http://archive.thedailystar.net/beta2/news/news-in-brief-133/
746,6/22/2013,13 to 18,Female,Student,not given,sexually abused,14:00:00,Barguna,http://archive.thedailystar.net/beta2/news/girl-takes-own-life-to-get-rid-of-stalking/
470,3/28/2012,13 to 18,Female,Student,Hanging,family feud,-,Dhaka,http://archive.thedailystar.net/newDesign/news-details.php?nid=228153
373,11/9/2011,13 to 18,Female,student,Hanging,depression,not given,Dhaka,http://archive.thedailystar.net/newDesign/news-details.php?nid=209575
150,11/1/2010,13 to 18,Female,Student,Hanging,eve-teasing,8:30:00,Sirajganj,http://archive.thedailystar.net/newDesign/news-details.php?nid=160980
661,11/24/2012,13 to 18,Female,Student,Hanging,family feud,not given,Chittagong,http://archive.thedailystar.net/newDesign/news-details.php?nid=258793
239,4/12/2011,13 to 18,Male,not given,Poison,family feud,21:30:00,Shatkhira,http://archive.thedailystar.net/newDesign/news-details.php?nid=181548
99,8/18/2010,13 to 18,Female,Student,Poison,family feud,Night,Shatkhira,http://archive.thedailystar.net/newDesign/news-details.php?nid=151493
182,2/3/2011,13 to 18,Female,not given,Poison,family feud,not given,Shatkhira,http://archive.thedailystar.net/newDesign/news-details.php?nid=172794
667,12/8/2012,13 to 18,Female,not given,Poison,sexually abused,not given,Chapainawabganj,http://archive.thedailystar.net/newDesign/news-details.php?nid=262329
201,2/21/2011,13 to 18,Female,rape victim,Set fire,raped,not given,Rajshahi,http://archive.thedailystar.net/newDesign/news-details.php?nid=174978
794,9/4/2013,13 to 18,Female,Student,Poison,family feud,Night,Chittagong,http://archive.thedailystar.net/beta2/news/suicide/
209,2/28/2011,13 to 18,Female,student,Hanging,family feud,afternoon,Kushtia,http://archive.thedailystar.net/newDesign/news-details.php?nid=175929
180,1/25/2011,13 to 18,Female,Beauty parlour worker,Hanging,heated argument,not given,Gazipur,http://archive.thedailystar.net/newDesign/news-details.php?nid=171614
211,3/2/2011,13 to 18,Female,student,Hanging,family feud,10:30:00,Dhaka,http://archive.thedailystar.net/newDesign/news-details.php?nid=176247
169,12/14/2010,13 to 18,Female,Cleaner of private company at Airport,Hanging,eve-teasing,Evening,Dhaka,http://archive.thedailystar.net/newDesign/news-details.php?nid=166302
113,9/7/2010,13 to 18,Female,Student,Poison,eve-teasing,16:00:00,Shatkhira,http://archive.thedailystar.net/newDesign/news-details.php?nid=154120
765,7/26/2013,13 to 18,Female,not given,Hanging,mental disorder,-,Dhaka,http://archive.thedailystar.net/beta2/news/3-commit-suicide-in-capital/
733,6/5/2013,13 to 18,Female,Student,hanging,family feud,not given,Dhaka,http://archive.thedailystar.net/beta2/news/news-in-brief-109/
700,3/26/2013,13 to 18,Female,Student,hanging,mental illness,Night,Moulvibazar,http://archive.thedailystar.net/beta2/news/schoolgirl-commits-suicide/
433,2/12/2012,13 to 18,Female,Student,Hanging,family feud,10:00:00,Dhaka,http://archive.thedailystar.net/newDesign/news-details.php?nid=222252
49,4/14/2010,13 to 18,Female,Student,Hanging,family feud,Afternoon,Dhaka,http://archive.thedailystar.net/newDesign/news-details.php?nid=134510
48,4/9/2010,13 to 18,Female,Student,Hanging,eve teasing,Night,Gaibandha,http://archive.thedailystar.net/newDesign/news-details.php?nid=133837
47,4/3/2010,13 to 18,Female,Student,Poison,eve teasing,16:00:00,Dhaka,http://archive.thedailystar.net/newDesign/news-details.php?nid=132905
442,3/2/2012,13 to 18,Female,housemaid,Hanging,mental illness,22:00:00,Dhaka,http://archive.thedailystar.net/newDesign/news-details.php?nid=224874
440,2/16/2012,13 to 18,Male,Student,Hanging,personal problem,14:30:00,Dhaka,http://archive.thedailystar.net/newDesign/news-details.php?nid=224092
931,8/17/2014,13 to 18,Female,Student,Poison,family feud,Morning,Chittagong,http://www.thedailystar.net/news-in-brief-37610
342,9/11/2011,13 to 18,Female,student,Hanging,family feud,morning,Dhaka,http://archive.thedailystar.net/newDesign/news-details.php?nid=202165
413,1/11/2012,13 to 18,Female,Student,Poison,family feud,14:00:00,Shatkhira,http://archive.thedailystar.net/newDesign/news-details.php?nid=217978
32,3/6/2010,13 to 18,Female,Student,Hanging,family feud,15:30:00,Dhaka,http://archive.thedailystar.net/newDesign/news-details.php?nid=129048
912,6/22/2014,13 to 18,Female,Student,Hanging,family feud,Night,Jessore,http://www.thedailystar.net/newsarchive/girl-commits-suicide-30126
299,7/13/2011,13 to 18,Male,student,Hanging,family feud,night,Shatkhira,http://archive.thedailystar.net/newDesign/news-details.php?nid=194195
295,7/6/2011,13 to 18,Female,student,Hanging,family feud,afternoon,Dhaka,http://archive.thedailystar.net/newDesign/news-details.php?nid=193235
974,11/17/2014,13 to 18,Female,student,Hanging,family feud,not given,Chuadanga,http://www.thedailystar.net/jsc-examinee-commits-suicide-50828
824,11/24/2013,13 to 18,Female,Student,Hanging,family feud,Afternoon,Bogra,http://archive.thedailystar.net/beta2/news/snippets-136/
574,8/13/2012,13 to 18,Female,Student,Hanging,family feud,1:00:00,Pirojpur,http://archive.thedailystar.net/newDesign/news-details.php?nid=246041
968,10/29/2014,13 to 18,Male,student,Hanging,family feud,not given,Barisal,http://www.thedailystar.net/snippets-48026
65,5/23/2010,13 to 18,Female,housemaid,Hanging,mental problem,9:00:00,Dhaka,http://archive.thedailystar.net/newDesign/news-details.php?nid=139840
549,7/19/2012,13 to 18,Female,Student,Hanging,family feud,Afternoon,Dhaka,http://archive.thedailystar.net/newDesign/news-details.php?nid=242861
8,1/28/2010,13 to 18,Female,Student,Poison,family feud,-,Shatkhira,http://archive.thedailystar.net/newDesign/news-details.php?nid=124183
545,7/11/2012,13 to 18,Female,housemaid,Hanging,mental illness,Afternoon,Dhaka,http://archive.thedailystar.net/newDesign/news-details.php?nid=241756
514,5/13/2012,13 to 18,Male,not given,Poison,family feud,Afternoon,Shatkhira,http://archive.thedailystar.net/newDesign/news-details.php?nid=234161
282,6/13/2011,13 to 18,Female,student,Hanging,family feud,16:00:00,Dhaka,http://archive.thedailystar.net/newDesign/news-details.php?nid=189946
401,12/29/2011,13 to 18,Female,student,not given,failed in exam,not given,Barisal,http://archive.thedailystar.net/newDesign/news-details.php?nid=216277
370,10/28/2011,13 to 18,Female,housemaid,Hanging,frustration,not given,Dhaka,http://archive.thedailystar.net/newDesign/news-details.php?nid=208373
666,12/23/2012,13 to 18,Female,Student,Hanging,abducted; threatened,16:00:00,Dhaka,http://archive.thedailystar.net/newDesign/news-details.php?nid=262347
395,12/12/2011,13 to 18,Male,not given,Hanging,humiliation,13:00:00,Dhaka,http://archive.thedailystar.net/newDesign/news-details.php?nid=213974
364,10/9/2011,13 to 18,Female,student,Hanging,family feud,morning,Dhaka,http://archive.thedailystar.net/newDesign/news-details.php?nid=205948
660,11/20/2012,13 to 18,Female,not given,Hanging,mental illness,12:30:00,Chittagong,http://archive.thedailystar.net/newDesign/news-details.php?nid=258330
360,10/3/2011,13 to 18,Female,student,Hanging,family feud,not given,Jessore,http://archive.thedailystar.net/newDesign/news-details.php?nid=205094
186,2/7/2011,13 to 18,Female,student,Hanging,family feud,22:00:00,Shatkhira,http://archive.thedailystar.net/newDesign/news-details.php?nid=173292
385,11/24/2011,13 to 18,Female,not given,Hanging,love affair,not given,Faridpur,http://archive.thedailystar.net/newDesign/news-details.php?nid=211598
361,10/4/2011,13 to 18,Male,student,Hanging,mental illness,9:30:00,Chittagong,http://archive.thedailystar.net/newDesign/news-details.php?nid=205239
580,8/24/2012,13 to 18,Male,not given,Hanging,family feud,Midnight,Jessore,http://archive.thedailystar.net/newDesign/news-details.php?nid=247115
572,8/8/2012,13 to 18,Female,Student,Poison,family feud,Night,Rangpur,http://archive.thedailystar.net/newDesign/news-details.php?nid=245594
261,5/7/2011,13 to 18,Female,student,Poison,mental illness,night,Pabna,http://archive.thedailystar.net/newDesign/news-details.php?nid=184731
268,5/18/2011,13 to 18,Female,student,Poison,family feud,not given,Kushtia,http://archive.thedailystar.net/newDesign/news-details.php?nid=186366
229,4/3/2011,13 to 18,Female,Patient,Hanging,illness,not given,Shatkhira,http://archive.thedailystar.net/newDesign/news-details.php?nid=180339
619,9/23/2012,13 to 18,Female,Student,Poison,family feud,Morning,Jessore,http://archive.thedailystar.net/newDesign/news-details.php?nid=250983
544,7/1/2012,13 to 18,Female,not given,Poison,personal problem,Morning,Magura,http://archive.thedailystar.net/newDesign/news-details.php?nid=240733
283,6/14/2011,13 to 18,Female,housemaid,Hanging,tortured,11:00:00,Dhaka,http://archive.thedailystar.net/newDesign/news-details.php?nid=190015
484,4/10/2012,13 to 18,Female,housemaid,Hanging,personal problem,-,Dhaka,http://archive.thedailystar.net/newDesign/news-details.php?nid=229790
435,2/16/2012,13 to 18,Female,Student,Hanging,personal problem,-,Dhaka,http://archive.thedailystar.net/newDesign/news-details.php?nid=222805
588,8/26/2012,13 to 18,Male,not given,Hanging,physical illness,11:00:00,Pabna,http://archive.thedailystar.net/newDesign/news-details.php?nid=247412
430,2/5/2012,13 to 18,Female,Student,Hanging,family feud,Night,Magura,http://archive.thedailystar.net/newDesign/news-details.php?nid=221524
192,2/8/2011,13 to 18,Male,student,Poison,family feud,19:00:00,Thakurgaon,http://archive.thedailystar.net/newDesign/news-details.php?nid=173449
328,8/20/2011,13 to 18,Female,student,Hanging,humiliation,not given,Madaripur,http://archive.thedailystar.net/newDesign/news-details.php?nid=199602
659,11/17/2012,13 to 18,Male,Student,Hanging,family feud,13:00:00,Sylhet,http://archive.thedailystar.net/newDesign/news-details.php?nid=258047
558,7/26/2012,13 to 18,Female,Student,Hanging,family feud,Night,Tangail,http://archive.thedailystar.net/newDesign/news-details.php?nid=243797
489,4/10/2012,13 to 18,Male,Labourer,Hanging,family feud,Night,Dhaka,http://archive.thedailystar.net/newDesign/news-details.php?nid=229939
71,6/21/2010,13 to 18,Female,housemaid,Hanging,personal problem,14:00:00,Dhaka,http://archive.thedailystar.net/newDesign/news-details.php?nid=143705
40,3/12/2010,13 to 18,Female,Student,Hanging,family feud,12:00:00,Dhaka,http://archive.thedailystar.net/newDesign/news-details.php?nid=129909
922,7/18/2014,13 to 18,Female,Student,Hanging,bad result,Morning,Panchagarh,http://www.thedailystar.net/newsarchive/two-schoolgirls-commit-suicide-34032
830,12/4/2013,13 to 18,Female,Student,Poison,family feud,-,Magura,http://archive.thedailystar.net/beta2/news/2-teenage-girls-commit-suicide/
37,3/9/2010,13 to 18,Female,Student,Hanging,family feud,Afternoon,Kushtia,http://archive.thedailystar.net/newDesign/news-details.php?nid=129560
879,4/15/2014,13 to 18,Female,Student,Hanging,eve-teasing,Evening,Dhaka,http://www.thedailystar.net/newsarchive/stalked-by-jubo-league-man-girl-kills-herself-20244
132,9/26/2010,13 to 18,Female,Student,Poison,personal problem,not given,Lalmonirhat,http://archive.thedailystar.net/newDesign/news-details.php?nid=156113
21,2/14/2010,13 to 18,Female,Student,Hanging,family feud,Noon,Panchagarh,http://archive.thedailystar.net/newDesign/news-details.php?nid=126486
967,10/27/2014,13 to 18,Male,student,Hanging,family feud,not given,Sylhet,http://www.thedailystar.net/news-in-brief-47712
783,8/15/2013,13 to 18,Male,Student,Shooting,family feud,1:45:00,Dhaka,http://archive.thedailystar.net/beta2/news/teenager-shot-himself-dead-in-capital/
868,3/19/2014,13 to 18,Female,Student,Hanging,family feud,Night,Chuadanga,http://www.thedailystar.net/schoolgirl-kills-herself-16536
772,8/4/2013,13 to 18,Female,Student,Hanging,family feud,-,Dhaka,http://archive.thedailystar.net/beta2/news/news-in-brief-222/
60,5/7/2010,13 to 18,Male,Student,Hanging,mental illness,11:00:00,Dhaka,http://archive.thedailystar.net/newDesign/news-details.php?nid=137554
793,9/5/2013,13 to 18,Female,Student,Hanging,stalking,10:00:00,Joypurhat,http://archive.thedailystar.net/beta2/news/girl-commits-suicide-after-being-stalked/
748,6/26/2013,13 to 18,Female,not given,hanging,family feud,Morning,Comilla,http://archive.thedailystar.net/beta2/news/snippets-55/
837,12/17/2013,13 to 18,Female,Student,Poison,family feud,-,Chittagong,http://archive.thedailystar.net/beta2/news/two-commit-suicide-one-found-dead-in-ctg/
738,6/10/2013,13 to 18,Female,housemaid,hanging,mental illness,Morning,Dhaka,http://archive.thedailystar.net/beta2/news/news-in-brief-120/
207,2/28/2011,13 to 18,Female,housewife,Hanging,torture,not given,Kushtia,http://archive.thedailystar.net/newDesign/news-details.php?nid=175929
296,7/6/2011,13 to 18,Male,madrasah student,Poison,family feud,morning,Netrokona,http://archive.thedailystar.net/newDesign/news-details.php?nid=193183
474,4/2/2012,13 to 18,Female,Co-operative Society worker,Poison,personal problem,15:00:00,Dhaka,http://archive.thedailystar.net/newDesign/news-details.php?nid=228850
620,9/26/2012,13 to 18,Female,Student,Hanging,mental illness,Morning,Dhaka,http://archive.thedailystar.net/newDesign/news-details.php?nid=251412
899,6/5/2014,13 to 18,Female,Student,Hanging,stalking,23:30:00,Lalmonirhat,http://www.thedailystar.net/newsarchive/stalking-victim-kills-herself-27382
45,3/28/2010,13 to 18,Female,Student,Poison,family feud,10:00:00,Manikganj,http://archive.thedailystar.net/newDesign/news-details.php?nid=132156
420,1/20/2012,13 to 18,Male,Student,Poison,family feud,Night,Shatkhira,http://archive.thedailystar.net/newDesign/news-details.php?nid=219318
247,4/18/2011,13 to 18,Female,housemaid,Hanging,tortured,10:00:00,Dhaka,http://archive.thedailystar.net/newDesign/news-details.php?nid=182230
676,1/2/2013,13 to 18,Female,student,hanging,family feud,Morning,Rangpur,http://archive.thedailystar.net/newDesign/news-details.php?nid=263734
695,3/5/2013,13 to 18,Male,Student,Jumping off river,academic problem,Afternoon,Dhaka,http://archive.thedailystar.net/beta2/news/ssc-examinee-found-dead/
671,12/24/2012,13 to 18,Female,Student,Hanging,family feud,Morning,Jessore,http://archive.thedailystar.net/newDesign/news-details.php?nid=262537
377,11/12/2011,13 to 18,Female,student,Hanging,family feud,21:00:00,Dhaka,http://archive.thedailystar.net/newDesign/news-details.php?nid=209914
384,11/24/2011,13 to 18,Female,not given,Poison,family feud,night,Chandpur,http://archive.thedailystar.net/newDesign/news-details.php?nid=211598
834,12/14/2013,13 to 18,Female,not given,Hanging,personal problem,-,Moulvibazar,http://archive.thedailystar.net/beta2/news/two-teenage-girls-commit-suicide-in-moulvibazar/
391,11/29/2011,13 to 18,Female,student,Hanging,family feud,12:30:00,Kishoreganj,http://archive.thedailystar.net/newDesign/news-details.php?nid=212220
721,5/9/2013,13 to 18,Female,Student,Poison,academic problem,Noon,Lalmonirhat,http://archive.thedailystar.net/beta2/news/examinee-commits-suicide/
722,5/11/2013,13 to 18,Male,Student,hanging,academic problem,Afternoon,Meherpur,http://archive.thedailystar.net/beta2/news/snippets-25/
339,9/10/2011,13 to 18,Female,Garment worker,Jumped,non-acceptance,2:30:00,Dhaka,http://archive.thedailystar.net/newDesign/news-details.php?nid=202026
653,11/10/2012,13 to 18,Male,Electrician,Hanging,personal problem,Night,Sylhet,http://archive.thedailystar.net/newDesign/news-details.php?nid=257150
735,6/8/2013,13 to 18,Female,not given,hanging,family feud,not given,Dhaka,http://archive.thedailystar.net/beta2/news/news-in-brief-116/
194,2/10/2011,13 to 18,Female,student,Hanging,family feud,morning,Kushtia,http://archive.thedailystar.net/newDesign/news-details.php?nid=173725
195,2/10/2011,13 to 18,Female,student,Hanging,family feud,afternoon,Chuadanga,http://archive.thedailystar.net/newDesign/news-details.php?nid=173725
808,10/19/2013,13 to 18,Female,not given,-,family feud,Night,Comilla,http://archive.thedailystar.net/beta2/news/snippets-102/
860,3/3/2014,13 to 18,Female,Student,Hanging,family feud,Night,Pabna,http://www.thedailystar.net/snippets-14089
555,7/22/2012,13 to 18,Female,Student,Hanging,family feud,not given,Dhaka,http://archive.thedailystar.net/newDesign/news-details.php?nid=243258
277,6/9/2011,13 to 18,Male,sales assistant,Hanging,love affair,8:00:00,Dhaka,http://archive.thedailystar.net/newDesign/news-details.php?nid=189354
165,12/1/2010,13 to 18,Female,Student,Hanging,physical illness,Morning,Dhaka,http://archive.thedailystar.net/newDesign/news-details.php?nid=164467
504,5/6/2012,13 to 18,Female,Student,Poison,family feud,Morning,Shatkhira,http://archive.thedailystar.net/newDesign/news-details.php?nid=233061
378,11/12/2011,13 to 18,Male,not given,Hanging,family feud,not given,Rangpur,http://archive.thedailystar.net/newDesign/news-details.php?nid=209965
925,8/3/2014,13 to 18,Male,Student,Hanging,family feud,Morning,Rangpur,http://www.thedailystar.net/news-in-brief-35710
924,7/24/2014,13 to 18,Female,Student,Hanging,family feud,-,Dhaka,http://www.thedailystar.net/newsarchive/news-in-brief-34830
405,1/6/2012,13 to 18,Female,Student,Hanging,family feud,3:00:00,Dhaka,http://archive.thedailystar.net/newDesign/news-details.php?nid=217298
866,3/16/2014,13 to 18,Female,Not mentioned,Hanging,sexually abused,Night,Habiganj,http://www.thedailystar.net/agonised-girl-commits-suicide-16077
422,1/28/2012,13 to 18,Female,Student,Hanging,family feud,23:30:00,Shatkhira,http://archive.thedailystar.net/newDesign/news-details.php?nid=220455
454,3/17/2012,13 to 18,Male,Student,Hanging,family feud,1899-12-30 00:00:00,Jessore,http://archive.thedailystar.net/newDesign/news-details.php?nid=226814
313,7/27/2011,13 to 18,Female,student,Shot,hsc results,not given,Manikganj,http://archive.thedailystar.net/newDesign/news-details.php?nid=196092
465,3/22/2012,13 to 18,Male,Student,Hanging,personal problem,Night,Dhaka,http://archive.thedailystar.net/newDesign/news-details.php?nid=227562
872,4/1/2014,13 to 18,Female,Babysitter,Hanging,eve-teasing,22:00:00,Dhaka,http://www.thedailystar.net/newsarchive/stalked-she-takes-her-life-18492
833,12/14/2013,13 to 18,Female,not given,Hanging,family feud,Night,Chuadanga,http://archive.thedailystar.net/beta2/news/news-in-brief-450/
788,8/24/2013,13 to 18,Male,Student,Poison,depression,Night,Jessore,http://archive.thedailystar.net/beta2/news/snaps-and-snippets-17/
625,9/29/2012,13 to 18,Female,Student,Hanging,family feud,Night,Pabna,http://archive.thedailystar.net/newDesign/news-details.php?nid=252044
615,9/21/2012,13 to 18,Female,Garment worker,Hanging,torture,20:00:00,Dhaka,http://archive.thedailystar.net/newDesign/news-details.php?nid=250881
799,9/28/2013,13 to 18,Female,Student,Jumped,family feud,15:30:00,Dhaka,http://archive.thedailystar.net/beta2/news/two-commit-suicide-in-capital-2/
221,3/13/2011,13 to 18,Female,student,hanging,family feud,not given,Dhaka,http://archive.thedailystar.net/newDesign/news-details.php?nid=177615
601,9/11/2012,13 to 18,Female,Student,Hanging,family feud,Night,Jessore,http://archive.thedailystar.net/newDesign/news-details.php?nid=249592
650,11/5/2012,13 to 18,Female,not given,Hanging,family feud,1:00:00,Jessore,http://archive.thedailystar.net/newDesign/news-details.php?nid=256376
770,7/31/2013,13 to 18,Male,Student,Hanging,family feud,Night,Pirojpur,http://archive.thedailystar.net/beta2/news/snippets-74/
646,11/1/2012,13 to 18,Male,not given,Poison,family feud,not given,Bogra,http://archive.thedailystar.net/newDesign/news-details.php?nid=256054
414,1/11/2012,13 to 18,Male,Student,Hanging,family feud,13:00:00,Thakurgaon,http://archive.thedailystar.net/newDesign/news-details.php?nid=218124
902,6/12/2014,13 to 18,Female,Student,Jumped in front of train,personal problem,-,Chittagong,http://www.thedailystar.net/newsarchive/news-in-brief-28362
334,9/3/2011,13 to 18,Female,not given,Poison,family feud,not given,Shatkhira,http://archive.thedailystar.net/newDesign/news-details.php?nid=200993
36,3/7/2010,13 to 18,Female,Student,Poison,eve teasing,17:30:00,Bogra,http://archive.thedailystar.net/newDesign/news-details.php?nid=129345
206,2/28/2011,13 to 18,Female,housewife,Hanging,family feud,not given,Kushtia,http://archive.thedailystar.net/newDesign/news-details.php?nid=175929
130,9/19/2010,13 to 18,Female,Housewife,Poison,personal problem,Night,Narsingdi,http://archive.thedailystar.net/newDesign/news-details.php?nid=155478
129,9/20/2010,13 to 18,Female,Student,Poison,family feud,Night,Jhalokathi,http://archive.thedailystar.net/newDesign/news-details.php?nid=155478
315,7/28/2011,13 to 18,Female,student,Poison,hsc results,18:30:00,Shatkhira,http://archive.thedailystar.net/newDesign/news-details.php?nid=196265
133,9/24/2010,13 to 18,Female,not given,Hanging,torture,Noon,Jaypurhat,http://archive.thedailystar.net/newDesign/news-details.php?nid=156113
202,2/23/2011,13 to 18,Female,Telephone operator,Hanging,personal problem,20:00:00,Dhaka,http://archive.thedailystar.net/newDesign/news-details.php?nid=175336
403,1/1/2012,13 to 18,Female,Student,Hanging,family feud,9:00:00,Dhaka,http://archive.thedailystar.net/newDesign/news-details.php?nid=216615
691,2/22/2013,13 to 18,Female,not given,Poison,family feud,Evening,Jessore,http://archive.thedailystar.net/newDesign/news-details.php?nid=270356
158,11/7/2010,13 to 18,Male,Day labourer,Hanging,physical illness,not given,Dhaka,http://archive.thedailystar.net/newDesign/news-details.php?nid=161909
954,10/18/2014,13 to 18,Male,salesman at a cloth shop,Hanging,family feud,not given,Dhaka,http://www.thedailystar.net/youth-commits-suicide-in-capital-46372
952,10/14/2014,13 to 18,Female,student,Poison,personal problem,12:30:00,Naogaon,http://www.thedailystar.net/mortified-she-kills-herself-45946
951,10/12/2014,13 to 18,Female,not given,Hanging,raped,not given,Chittagong,http://www.thedailystar.net/raped-girl-kills-herself-45557
669,12/20/2012,13 to 18,Female,Housewife,Hanging,torture,Night,Nilphamari,http://archive.thedailystar.net/newDesign/news-details.php?nid=262337
381,11/19/2011,13 to 18,Female,Garment worker,Hanging,family feud,morning,Dhaka,http://archive.thedailystar.net/newDesign/news-details.php?nid=210913
937,8/29/2014,13 to 18,Female,Student,Hanging,personal problem,-,Faridpur,http://www.thedailystar.net/snippets-39208
387,11/25/2011,13 to 18,Male,not given,Hanging,family feud,23:30:00,Shatkhira,http://archive.thedailystar.net/newDesign/news-details.php?nid=211693
698,3/22/2013,13 to 18,Female,not given,Jumping off river,personal problem,not given,Bhola,http://archive.thedailystar.net/beta2/news/girls-body-recovered/
930,8/16/2014,13 to 18,Female,Housewife,Poison,marital problem,Night,Jessore,http://www.thedailystar.net/snippets-37538
928,8/13/2014,13 to 18,Male,Student,Hanging,personal problem,15:00:00,Dhaka,http://www.thedailystar.net/student-kills-himself-37108
704,4/3/2013,13 to 18,Female,not given,Poison,family feud,Night,Jessore,http://archive.thedailystar.net/beta2/news/girl-commits-suicide/
707,4/6/2013,13 to 18,Female,not given,Poison,family feud,Afternoon,Chuadanga,http://archive.thedailystar.net/beta2/news/girl-woman-commit-suicide/
464,3/22/2012,13 to 18,Female,Student,Poison,personal problem,Night,Jessore,http://archive.thedailystar.net/newDesign/news-details.php?nid=227510
51,4/16/2010,13 to 18,Female,Student,Hanging,mental illness,-,Dhaka,http://archive.thedailystar.net/newDesign/news-details.php?nid=134785
62,5/14/2010,13 to 18,Female,Housewife,Hanging,family feud,Night,Shariatpur,http://archive.thedailystar.net/newDesign/news-details.php?nid=138815
541,6/29/2012,13 to 18,Female,Housewife,Poison,family feud,Night,Jessore,http://archive.thedailystar.net/newDesign/news-details.php?nid=240313
681,1/22/2013,13 to 18,Female,not given,Setting fire,sexually abused,20:00:00,Rangpur,http://archive.thedailystar.net/newDesign/news-details.php?nid=267518
66,5/29/2010,13 to 18,Female,Housewife,Poison,family feud,Evening,Manikganj,http://archive.thedailystar.net/newDesign/news-details.php?nid=140805
561,7/26/2012,13 to 18,Female,not given,Poison,quarrel with spouse,Night,Jessore,http://archive.thedailystar.net/newDesign/news-details.php?nid=243797
224,3/16/2011,13 to 18,Female,not given,Jumped,humiliation,night,Dhaka,http://archive.thedailystar.net/newDesign/news-details.php?nid=178030
596,9/7/2012,13 to 18,Female,Student,Hanging,family feud,22:00:00,Dhaka,http://archive.thedailystar.net/newDesign/news-details.php?nid=248878
79,8/1/2010,13 to 18,Female,Student,Hanging,academic problem,Morning,Dhaka,http://archive.thedailystar.net/newDesign/news-details.php?nid=149100
771,8/3/2013,13 to 18,Male,Labourer,Hanging,family feud,18:15:00,Dhaka,http://archive.thedailystar.net/beta2/news/news-in-brief-220/
218,3/8/2011,13 to 18,Male,student,Poison,personal problem,21:00:00,Natore,http://archive.thedailystar.net/newDesign/news-details.php?nid=176984
89,8/11/2010,13 to 18,Female,not given,Poison,family feud,Morning,Khagrachhari,http://archive.thedailystar.net/newDesign/news-details.php?nid=150414
816,11/11/2013,13 to 18,Male,Student,Hanging,personal problem,14:00:00,Chittagong,http://archive.thedailystar.net/beta2/news/news-in-brief-389/
58,5/6/2010,13 to 18,Female,Student,Hanging,family feud,11:00:00,Dhaka,http://archive.thedailystar.net/newDesign/news-details.php?nid=137436
57,5/4/2010,13 to 18,Female,not given,Poison,family feud,Night,Sylhet,http://archive.thedailystar.net/newDesign/news-details.php?nid=137259
761,7/20/2013,13 to 18,Female,Student,Hanging,family feud,Afternoon,Rangpur,http://archive.thedailystar.net/beta2/news/teenage-girl-saudi-expat-commit-suicide/
293,6/29/2011,13 to 18,Female,student,Hanging,personal problem,12:00:00,Rajshahi,http://archive.thedailystar.net/newDesign/news-details.php?nid=192196
586,8/27/2012,13 to 18,Male,not given,Hanging,mental illness,Noon,Chittagong,http://archive.thedailystar.net/newDesign/news-details.php?nid=247339
753,7/4/2013,13 to 18,Female,Student,Poison,family feud,-,Comilla,http://archive.thedailystar.net/beta2/news/college-girl-commits-suicide-in-comilla/
587,8/26/2012,13 to 18,Male,not given,Poison,family feud,Morning,Pabna,http://archive.thedailystar.net/newDesign/news-details.php?nid=247412
819,11/18/2013,19 to 26,Male,Student,Hanging,personal problem,Evening,Dhaka,http://archive.thedailystar.net/beta2/news/college-student-commits-suicide-in-capital/
557,7/24/2012,19 to 26,Female,Housewife,Hanging,family feud,not given,Chittagong,http://archive.thedailystar.net/newDesign/news-details.php?nid=243480
730,5/29/2013,19 to 26,Female,Housewife,hanging,quarrel with spouse,Morning,Rangpur,http://archive.thedailystar.net/beta2/news/housewife-commits-suicide-2/
791,9/3/2013,19 to 26,Female,not given,Hanging,disease,1899-12-30 00:00:00,Dhaka,http://archive.thedailystar.net/beta2/news/news-in-brief-268/
881,4/18/2014,19 to 26,Male,Student,Hanging,personal problem,Night,Jessore,http://www.thedailystar.net/newsarchive/snippets-20749
759,7/14/2013,19 to 26,Female,Housewife,Hanging,family feud,Morning,Chittagong,http://archive.thedailystar.net/beta2/news/news-in-brief-184/
456,3/17/2012,19 to 26,Female,Student,Poison,family feud,-,Shatkhira,http://archive.thedailystar.net/newDesign/news-details.php?nid=226814
476,3/31/2012,19 to 26,Female,Student,Poison,family feud,Morning,Shatkhira,http://archive.thedailystar.net/newDesign/news-details.php?nid=228812
893,5/21/2014,19 to 26,Male,Student,Hanging,family feud,13:30:00,Chittagong,http://www.thedailystar.net/newsarchive/news-in-brief-25178
477,3/30/2012,19 to 26,Male,Student,Jumped in front of train,mental illness,Evening,Jamalpur,http://archive.thedailystar.net/newDesign/news-details.php?nid=228812
607,9/13/2012,19 to 26,Female,Housewife,Hanging,quarrel with spouse,Evening,Rangpur,http://archive.thedailystar.net/newDesign/news-details.php?nid=249829
856,2/22/2014,19 to 26,Female,Housewife,Hanging,personal problem,Not given,Chittagong,http://www.thedailystar.net/two-women-commit-suicide-in-ctg-12724
654,11/11/2012,19 to 26,Female,Garment worker,Hanging,personal problem,Noon,Dhaka,http://archive.thedailystar.net/newDesign/news-details.php?nid=257132
711,4/6/2013,19 to 26,Female,not given,hanging,personal problem,Night,Lalmonirhat,http://archive.thedailystar.net/beta2/news/ansar-man-2-youths-commit-suicide/
644,10/28/2012,19 to 26,Female,Housewife,Hanging,quarrel with spouse,Morning,Bogra,http://archive.thedailystar.net/newDesign/news-details.php?nid=255436
0,1/5/2010,19 to 26,Female,Housewife,Hanging,family feud,13:00:00,Dhaka,http://archive.thedailystar.net/newDesign/news-details.php?nid=120721
978,11/30/2014,19 to 26,Female,not given,Hanging,family feud,not given,Chittagong,http://www.thedailystar.net/news-in-brief-52850
210,3/1/2011,19 to 26,Male,student,Hanging,family feud,15:00:00,Dhaka,http://archive.thedailystar.net/newDesign/news-details.php?nid=176121
64,5/18/2010,19 to 26,Female,Housewife,Hanging,family feud,Night,Dhaka,http://archive.thedailystar.net/newDesign/news-details.php?nid=139294
27,2/26/2010,19 to 26,Female,Housewife,Hanging,medical reason,Night,Kushtia,http://archive.thedailystar.net/newDesign/news-details.php?nid=128170
161,11/12/2010,19 to 26,Female,Student,Poison,personal problem,Morning,Dhaka,http://archive.thedailystar.net/newDesign/news-details.php?nid=162394
314,7/27/2011,19 to 26,Male,student,Poison,hsc results,not given,Dhaka,http://archive.thedailystar.net/newDesign/news-details.php?nid=196092
324,8/14/2011,19 to 26,Female,housewife,Hanging,family feud,1899-12-30 00:00:00,Chittagong,http://archive.thedailystar.net/newDesign/news-details.php?nid=198682
672,12/26/2012,19 to 26,Female,Housewife,Hanging,physical illness; torture,Morning,Dhaka,http://archive.thedailystar.net/newDesign/news-details.php?nid=262755
662,11/26/2012,19 to 26,Male,Police Constable,Shooting,mental illness,Morning,Dhaka,http://archive.thedailystar.net/newDesign/news-details.php?nid=258912
447,3/7/2012,19 to 26,Male,Student,Poison,personal problem,22:00:00,Shatkhira,http://archive.thedailystar.net/newDesign/news-details.php?nid=225609
227,4/2/2011,19 to 26,Female,housewife,Hanging,family feud,22:00:00,Nilphamari,http://archive.thedailystar.net/newDesign/news-details.php?nid=180181
598,9/10/2012,19 to 26,Male,Quality inspector at garment,Jumped,call from someone,13:30:00,Dhaka,http://archive.thedailystar.net/newDesign/news-details.php?nid=249255
594,9/5/2012,19 to 26,Male,not given,Hanging,drug addict,4:00:00,Dhaka,http://archive.thedailystar.net/newDesign/news-details.php?nid=248604
256,4/23/2011,19 to 26,Female,housewife,not given,tortured,not given,Natore,http://archive.thedailystar.net/newDesign/news-details.php?nid=182950
578,8/22/2012,19 to 26,Female,Housewife,Poison,quarrel with spouse,Noon,Magura,http://archive.thedailystar.net/newDesign/news-details.php?nid=246824
575,8/16/2012,19 to 26,Female,Housewife,Hanging,quarrel with spouse,9:00:00,Chittagong,http://archive.thedailystar.net/newDesign/news-details.php?nid=246464
573,8/10/2012,19 to 26,Male,Student,Hanging,family feud,Noon,Lalmonirhat,http://archive.thedailystar.net/newDesign/news-details.php?nid=245857
686,2/7/2013,19 to 26,Female,Garment worker,Poison,family feud,not given,Dhaka,http://archive.thedailystar.net/newDesign/news-details.php?nid=268417
262,5/8/2011,19 to 26,Female,housewife,Hanging,tortured,not given,Chittagong,http://archive.thedailystar.net/newDesign/news-details.php?nid=184862
271,5/29/2011,19 to 26,Female,Garment worker,Hanging,family feud,not given,Dhaka,http://archive.thedailystar.net/newDesign/news-details.php?nid=187851
551,7/19/2012,19 to 26,Female,Student,Hanging,academic problem,not given,Pabna,http://archive.thedailystar.net/newDesign/news-details.php?nid=242795
542,7/1/2012,19 to 26,Female,not given,Setting fire,personal problem,Morning,Chapainawabganj,http://archive.thedailystar.net/newDesign/news-details.php?nid=240733
527,6/9/2012,19 to 26,Female,Housewife,Hanging,family feud,10:00:00,Dhaka,http://archive.thedailystar.net/newDesign/news-details.php?nid=237698
520,5/23/2012,19 to 26,Female,not given,Poison,family feud,Night,Chittagong,http://archive.thedailystar.net/newDesign/news-details.php?nid=235642
490,4/16/2012,19 to 26,Female,Housewife,Hanging,family feud,-,Dhaka,http://archive.thedailystar.net/newDesign/news-details.php?nid=230443
459,3/20/2012,19 to 26,Female,Housewife,Poison,family feud,Morning,Shatkhira,http://archive.thedailystar.net/newDesign/news-details.php?nid=227285
258,5/2/2011,19 to 26,Female,Newly married woman,Hanging,family feud,not given,Shatkhira,http://archive.thedailystar.net/newDesign/news-details.php?nid=184063
570,8/7/2012,19 to 26,Female,not given,Poison,quarrel with spouse,Morning,Chittagong,http://archive.thedailystar.net/newDesign/news-details.php?nid=245279
156,11/8/2010,19 to 26,Female,Housewife,Hanging,family feud,1:30:00,Dhaka,http://archive.thedailystar.net/newDesign/news-details.php?nid=161909
934,8/22/2014,19 to 26,Female,Housewife,Hanging,marital problem,6:00:00,Dhaka,http://www.thedailystar.net/newly-wed-woman-commits-suicide-38332
25,2/27/2010,19 to 26,Female,Student,Hanging,family feud,Night,Kushtia,http://archive.thedailystar.net/newDesign/news-details.php?nid=128170
33,3/5/2010,19 to 26,Male,Student,Hanging,mental problem,Morning,Barisal,http://archive.thedailystar.net/newDesign/news-details.php?nid=129012
906,6/18/2014,19 to 26,Female,Student,Poison,personal problem,Night,Rangpur,http://www.thedailystar.net/newsarchive/college-girl-commits-suicide-29404
894,5/24/2014,19 to 26,Female,Housewife,Hanging,family feud,-,Sylhet,http://www.thedailystar.net/newsarchive/woman-commits-suicide-in-sylhet-25701
882,4/18/2014,19 to 26,Male,Not mentioned,Hanging,family feud,Night,Jessore,http://www.thedailystar.net/newsarchive/snippets-20749
53,4/19/2010,19 to 26,Female,Housewife,Fire,torture,6:00:00,Meherpur,http://archive.thedailystar.net/newDesign/news-details.php?nid=135016
55,4/22/2010,19 to 26,Female,Housewife,Poison,family feud,Night,Pirojpur,http://archive.thedailystar.net/newDesign/news-details.php?nid=135810
862,3/10/2014,19 to 26,Female,Housewife,Hanging,family feud,Morning,Shatkhira,http://www.thedailystar.net/snippets-15135
854,2/18/2014,19 to 26,Male,Not given,Poison,family feud,11:00:00,Rajshahsi,http://www.thedailystar.net/snippets-12352
853,2/18/2014,19 to 26,Male,Student,Poison,family feud,11:00:00,Rajshahi,http://www.thedailystar.net/snippets-12352
81,8/1/2010,19 to 26,Female,not given,Hanging,torture,20:00:00,Chapainawabganj,http://archive.thedailystar.net/newDesign/news-details.php?nid=149083
713,4/7/2013,19 to 26,Female,Housewife,Poison,quarrel with spouse,Morning,Tangail,http://archive.thedailystar.net/beta2/news/housewife-commits-suicide-another-killed-by-husband/
692,2/22/2013,19 to 26,Female,Housewife,Poison,quarrel with spouse,Morning,Jhenidah,http://archive.thedailystar.net/newDesign/news-details.php?nid=270356
117,9/14/2010,19 to 26,Female,Student,Hanging,family feud,20:30:00,Thakurgaon,http://archive.thedailystar.net/newDesign/news-details.php?nid=154654
775,8/6/2013,19 to 26,Male,not given,Hanging,family feud,Evening,Bogra,http://archive.thedailystar.net/beta2/news/snippets-79/
111,9/2/2010,19 to 26,Female,Housewife,Hanging,torture,Night,Brahmanbaria,http://archive.thedailystar.net/newDesign/news-details.php?nid=153712
104,8/26/2010,19 to 26,Male,Mentally ill,Hanging,mental illness,Midnight,Jhalokathi,http://archive.thedailystar.net/newDesign/news-details.php?nid=152750
813,11/3/2013,19 to 26,Female,Housewife,Hanging,family feud,Morning,Dhaka,http://archive.thedailystar.net/beta2/news/news-in-brief-376/
767,7/29/2013,19 to 26,Female,Student,Hanging,family feud,-,Dhaka,http://archive.thedailystar.net/beta2/news/two-women-found-dead-in-capital/
673,12/29/2012,19 to 26,Male,Tailoring shop employee,Hanging,allegation,not given,Dhaka,http://archive.thedailystar.net/newDesign/news-details.php?nid=263139
409,1/9/2012,19 to 26,Male,not given,Fire,mental illness,16:00:00,Thakurgaon,http://archive.thedailystar.net/newDesign/news-details.php?nid=217834
331,8/22/2011,19 to 26,Female,housewife,Hanging,family feud,11:00:00,Sunamganj,http://archive.thedailystar.net/newDesign/news-details.php?nid=199850
349,9/23/2011,19 to 26,Female,Garment worker,Hanging,fight,not given,Dhaka,http://archive.thedailystar.net/newDesign/news-details.php?nid=203760
354,9/30/2011,19 to 26,Female,student,Poison,family feud,night,Lalmonirhat,http://archive.thedailystar.net/newDesign/news-details.php?nid=204692
438,2/20/2012,19 to 26,Male,not given,Hanging,family feud,20:00:00,Shatkhira,http://archive.thedailystar.net/newDesign/news-details.php?nid=223412
427,2/6/2012,19 to 26,Male,Student,Hanging,family feud,Noon,Tangail,http://archive.thedailystar.net/newDesign/news-details.php?nid=221380
103,8/21/2010,19 to 26,Female,Ex-Garment worker,Setting fire,torture,not given,Dhaka,http://archive.thedailystar.net/newDesign/news-details.php?nid=151880
540,6/25/2012,19 to 26,Female,Housewife,Hanging,family feud,Morning,Nilphamari,http://archive.thedailystar.net/newDesign/news-details.php?nid=239880
878,4/9/2014,19 to 26,Male,Not mentioned,Hanging,family feud,Afternoon,Chuadanga,http://www.thedailystar.net/newsarchive/snippets-19679
812,10/31/2013,19 to 26,Male,Typist,-,family feud,-,Dhaka,http://archive.thedailystar.net/beta2/news/news-in-brief-369/
226,3/27/2011,19 to 26,Female,not given,Hanging,tortured,17:00:00,Dhaka,http://archive.thedailystar.net/newDesign/news-details.php?nid=179469
335,9/3/2011,19 to 26,Female,not given,Poison,family feud,not given,Shatkhira,http://archive.thedailystar.net/newDesign/news-details.php?nid=200993
907,6/21/2014,19 to 26,Female,Housewife,Hanging,family feud,Morning,Gazipur,http://www.thedailystar.net/newsarchive/news-in-brief-29758
916,7/6/2014,19 to 26,Female,Housewife,Hanging,family feud,-,Dhaka,http://www.thedailystar.net/newsarchive/news-in-brief-32198
482,4/9/2012,19 to 26,Female,Housemaid,Hanging,personal problem,4:30:00,Chittagong,http://archive.thedailystar.net/newDesign/news-details.php?nid=229654
693,2/24/2013,19 to 26,Female,Housewife,not given,family feud,Noon,Bogra,http://archive.thedailystar.net/newDesign/news-details.php?nid=270356
259,5/7/2011,19 to 26,Female,housewife,Poison,family feud,12:00:00,Jessore,http://archive.thedailystar.net/newDesign/news-details.php?nid=184731
197,2/10/2011,19 to 26,Male,not given,Poison,family feud,not given,Chuadanga,http://archive.thedailystar.net/newDesign/news-details.php?nid=173725
528,6/10/2012,19 to 26,Female,Housewife,Hanging,family feud,6:00:00,Dhaka,http://archive.thedailystar.net/newDesign/news-details.php?nid=237876
200,2/18/2011,19 to 26,Female,Beauty parlour worker,Hanging,family feud,14:30:00,Dhaka,http://archive.thedailystar.net/newDesign/news-details.php?nid=174652
648,11/1/2012,19 to 26,Male,not given,Hanging,personal problem,not given,Bogra,http://archive.thedailystar.net/newDesign/news-details.php?nid=256054
563,7/28/2012,19 to 26,Male,Student,Setting fire,personal problem,Morning,Dhaka,http://archive.thedailystar.net/newDesign/news-details.php?nid=244256
614,9/21/2012,19 to 26,Female,Housewife,Hanging,mental illness,15:00:00,Dhaka,http://archive.thedailystar.net/newDesign/news-details.php?nid=250787
404,1/2/2012,19 to 26,Female,Garment worker,Hanging,family feud,9:00:00,Dhaka,http://archive.thedailystar.net/newDesign/news-details.php?nid=216771
584,8/25/2012,19 to 26,Female,Student,Hanging,physical illness,not given,Rangpur,http://archive.thedailystar.net/newDesign/news-details.php?nid=247255
579,8/24/2012,19 to 26,Male,not given,Poison,personal problem,18:30:00,Jessore,http://archive.thedailystar.net/newDesign/news-details.php?nid=247115
576,8/22/2012,19 to 26,Female,Housewife,Hanging,family feud,Morning,Dhaka,http://archive.thedailystar.net/newDesign/news-details.php?nid=246706
553,7/21/2012,19 to 26,Female,Housewife,Hanging,quarrel with spouse,Night,Dhaka,http://archive.thedailystar.net/newDesign/news-details.php?nid=243089
220,3/11/2011,19 to 26,Female,student,Poison,personal problem,not given,Thakurgaon,http://archive.thedailystar.net/newDesign/news-details.php?nid=177384
400,12/28/2011,19 to 26,Female,Garment worker,Hanging,family feud,15:30:00,Dhaka,http://archive.thedailystar.net/newDesign/news-details.php?nid=216104
1,1/5/2010,19 to 26,Male,Police,Shooting,family feud,0:10:00,Dinajpur,http://archive.thedailystar.net/newDesign/news-details.php?nid=120657
15,2/6/2010,19 to 26,Female,Housewife,Hanging,family feud,9:00:00,Narail,http://archive.thedailystar.net/newDesign/news-details.php?nid=125218
16,2/5/2010,19 to 26,Female,Student,Hanging,family feud,Morning,Kushtia,http://archive.thedailystar.net/newDesign/news-details.php?nid=125218
18,2/13/2010,19 to 26,Female,Housewife,Poison,torture,18:30:00,Chuadanga,http://archive.thedailystar.net/newDesign/news-details.php?nid=126371
20,2/12/2010,19 to 26,Female,Housewife,Hanging,torture,Night,Sylhet,http://archive.thedailystar.net/newDesign/news-details.php?nid=126371
23,2/23/2010,19 to 26,Female,Housewife,Hanging,family feud,9:00:00,Chapainawabganj,http://archive.thedailystar.net/newDesign/news-details.php?nid=127696
34,3/7/2010,19 to 26,Female,Housewife,Poison,family feud,Morning,Chuadanga,http://archive.thedailystar.net/newDesign/news-details.php?nid=129275
38,3/9/2010,19 to 26,Female,Housewife,Hanging,family feud,16:30:00,Meherpur,http://archive.thedailystar.net/newDesign/news-details.php?nid=129560
383,11/20/2011,19 to 26,Female,student,Hanging,frustration,not given,Dhaka,http://archive.thedailystar.net/newDesign/news-details.php?nid=211024
877,4/9/2014,19 to 26,Male,Not mentioned,Hanging,family feud,Morning,Brahmanbaria,http://www.thedailystar.net/newsarchive/snippets-19546
68,5/29/2010,19 to 26,Female,Housewife,Hanging,family feud,Evening,Bogra,http://archive.thedailystar.net/newDesign/news-details.php?nid=140885
852,2/14/2014,19 to 26,Female,Divorced housewife,Hanging,sexually abused,Night,Jhenidah,http://www.thedailystar.net/she-chooses-to-embrace-death-11657
841,1/7/2014,19 to 26,Male,Patient,Jumping off building,personal problem,5:00:00,Dhaka,http://www.thedailystar.net/youth-kills-himself-at-dmch-5902
76,7/19/2010,19 to 26,Female,Not given,Hanging,family feud,Night,Lalmonirhat,http://archive.thedailystar.net/newDesign/news-details.php?nid=147669
88,8/4/2010,19 to 26,Female,Housewife,Poison,torture,10:00:00,Naogaon,http://archive.thedailystar.net/newDesign/news-details.php?nid=150296
792,9/4/2013,19 to 26,Male,not given,Jumped in front of train,family feud,Night,Chuadanga,http://archive.thedailystar.net/beta2/news/snippets-92/
110,9/1/2010,19 to 26,Female,Housewife,Poison,torture,not given,Chuadanga,http://archive.thedailystar.net/newDesign/news-details.php?nid=153712
121,9/15/2010,19 to 26,Male,not given,Poison,physical illness,not given,Shatkhira,http://archive.thedailystar.net/newDesign/news-details.php?nid=154654
736,6/8/2013,19 to 26,Male,Shopkeeper,hanging,mental illness,Night,Chittagong,http://archive.thedailystar.net/beta2/news/news-in-brief-116/
136,10/2/2010,19 to 26,Male,Rickshaw-puller,Poison,family feud,13:00:00,Shatkhira,http://archive.thedailystar.net/newDesign/news-details.php?nid=156940
715,4/13/2014,19 to 26,Female,Housewife,Poison,quarrel with spouse,Night,Bogra,http://archive.thedailystar.net/beta2/news/snippets-9/
521,5/23/2012,19 to 26,Female,Housewife,Hanging,family feud,Night,Jessore,http://archive.thedailystar.net/newDesign/news-details.php?nid=235591
709,4/5/2013,19 to 26,Female,Housewife,hanging,family feud,Evening,Bogra,http://archive.thedailystar.net/beta2/news/girl-woman-commit-suicide/
305,7/19/2011,19 to 26,Female,student,Hanging,mobile clips,night,Barisal,http://archive.thedailystar.net/newDesign/news-details.php?nid=194921
494,4/23/2012,19 to 26,Male,Student,Poison,family feud,Morning,Jessore,http://archive.thedailystar.net/newDesign/news-details.php?nid=231372
512,5/12/2012,19 to 26,Male,Lab assistant,Hanging,personal problem,Night,Chittagong,http://archive.thedailystar.net/newDesign/news-details.php?nid=234095
287,6/18/2011,19 to 26,Male,not given,Hanging,drug addiction,afternoon,Dhaka,http://archive.thedailystar.net/newDesign/news-details.php?nid=190641
286,6/17/2011,19 to 26,Male,student,Hanging,illness,night,Chittagong,http://archive.thedailystar.net/newDesign/news-details.php?nid=190480
495,4/23/2012,19 to 26,Female,Student,Hanging,personal problem,Night,Dhaka,http://archive.thedailystar.net/newDesign/news-details.php?nid=231615
479,4/5/2012,19 to 26,Male,Student,Hanging,personal problem,9:00:00,Dhaka,http://archive.thedailystar.net/newDesign/news-details.php?nid=229256
488,4/10/2012,19 to 26,Male,Student,Hanging,family feud,-,Dinajpur,http://archive.thedailystar.net/newDesign/news-details.php?nid=229853
884,4/21/2014,19 to 26,Female,Housewife,Poison,family feud,Night,Jessore,http://www.thedailystar.net/newsarchive/snippets-21204
645,10/29/2012,19 to 26,Female,Student,Hanging,family feud,Morning,Dhaka,http://archive.thedailystar.net/newDesign/news-details.php?nid=255621
804,10/3/2013,19 to 26,Male,Police,Shooting,family feud,-,Rangamati,http://archive.thedailystar.net/beta2/news/snippets-110/
683,2/2/2013,19 to 26,Female,Housewife,hanging,quarrel with spouse,Morning,Chittagong,http://archive.thedailystar.net/newDesign/news-details.php?nid=267607
848,2/5/2014,19 to 26,Female,Day labourer,Hanging,family feud ; financial problems,Night,Dhaka,http://www.thedailystar.net/news-in-brief-10165
91,8/10/2010,19 to 26,Female,Housewife,Hanging,torture,not given,Khagrachhari,http://archive.thedailystar.net/newDesign/news-details.php?nid=150414
87,8/10/2010,19 to 26,Female,Housewife,Hanging,torture,Noon,Khagrachhari,http://archive.thedailystar.net/newDesign/news-details.php?nid=150296
177,1/17/2011,19 to 26,Female,not given,Hanging,family feud,21:00:00,Dhaka,http://archive.thedailystar.net/newDesign/news-details.php?nid=170749
285,6/14/2011,19 to 26,Female,housewife,Hanging,family feud,night,Dhaka,http://archive.thedailystar.net/newDesign/news-details.php?nid=190015
898,6/4/2014,19 to 26,Male,Student,Train,mental disorder,Morning,Bogra,http://www.thedailystar.net/newsarchive/snippets-27068
656,11/13/2012,19 to 26,Female,Housewife,Hanging,family feud,Morning,Sunamganj,http://archive.thedailystar.net/newDesign/news-details.php?nid=257416
935,8/28/2014,19 to 26,Female,Housewife,Hanging,family feud,-,Chittagong,http://www.thedailystar.net/news-in-brief-39228
766,7/26/2013,19 to 26,Female,Housewife,Hanging,family feud,2:00:00,Dhaka,http://archive.thedailystar.net/beta2/news/3-commit-suicide-in-capital/
352,9/24/2011,19 to 26,Female,housewife,Hanging,family feud,night,Shatkhira,http://archive.thedailystar.net/newDesign/news-details.php?nid=203915
631,10/4/2012,19 to 26,Female,Student,Hanging,personal problem,Morning,Thakurgaon,http://archive.thedailystar.net/newDesign/news-details.php?nid=252558
126,9/18/2010,19 to 26,Male,Student,Jumping off building,drug addict,6:00:00,Dhaka,http://archive.thedailystar.net/newDesign/news-details.php?nid=155061
634,10/19/2012,19 to 26,Female,Housewife,Hanging,family feud,not given,Tangail,http://archive.thedailystar.net/newDesign/news-details.php?nid=254570
123,9/15/2010,19 to 26,Female,not given,Poison,family feud,Morning,Chuadanga,http://archive.thedailystar.net/newDesign/news-details.php?nid=154785
29,3/1/2010,19 to 26,Female,Housewife,Hanging,family feud,Night,Dhaka,http://archive.thedailystar.net/newDesign/news-details.php?nid=128346
238,4/12/2011,19 to 26,Female,housewife,Poison,family feud,20:00:00,Shatkhira,http://archive.thedailystar.net/newDesign/news-details.php?nid=181548
196,2/10/2011,19 to 26,Female,housewife,Hanging,tortured,not given,Chuadanga,http://archive.thedailystar.net/newDesign/news-details.php?nid=173725
668,12/20/2012,19 to 26,Female,Housewife,Poison,family feud,Night,Nilphamari,http://archive.thedailystar.net/newDesign/news-details.php?nid=262337
869,3/24/2014,19 to 26,Female,Housewife,Hanging,mental illness,Night,Dhaka,http://www.thedailystar.net/news-in-brief-17174
663,11/28/2012,19 to 26,Male,Shopkeeper,Hanging,family feud,Morning,Thakurgaon,http://archive.thedailystar.net/newDesign/news-details.php?nid=259166
78,7/25/2010,19 to 26,Male,Student,Jumping off river,personal problem,unknown,Cox's Bazar,http://archive.thedailystar.net/newDesign/news-details.php?nid=148936
124,9/15/2010,19 to 26,Female,not given,Poison,family feud,15:30:00,Chuadanga,http://archive.thedailystar.net/newDesign/news-details.php?nid=154785
380,11/15/2011,19 to 26,Female,housewife,Hanging,argument,13:30:00,Dhaka,http://archive.thedailystar.net/newDesign/news-details.php?nid=210319
35,3/7/2010,19 to 26,Female,Housewife,Poison,family feud,14:30:00,Meherpur,http://archive.thedailystar.net/newDesign/news-details.php?nid=129275
525,5/27/2012,19 to 26,Male,Garment worker,Hanging,personal problem,-,Dhaka,http://archive.thedailystar.net/newDesign/news-details.php?nid=235964
304,7/16/2011,19 to 26,Female,housewife,Hanging,family feud,not given,Dhaka,http://archive.thedailystar.net/newDesign/news-details.php?nid=194652
684,2/2/2013,19 to 26,Female,Housewife,hanging,quarrel with spouse,Night,Dhaka,http://archive.thedailystar.net/newDesign/news-details.php?nid=267788
779,8/10/2013,19 to 26,Female,Housewife,Hanging,family feud,Morning,Thakurgaon,http://archive.thedailystar.net/beta2/news/six-commit-suicide-in-three-districts/
774,8/5/2013,19 to 26,Female,Housewife,Hanging,personal problem,11:30:00,Sirajganj,http://archive.thedailystar.net/beta2/news/snippets-78/
437,2/18/2012,19 to 26,Female,Housewife,Hanging,marital problem,1:00:00,Natore,http://archive.thedailystar.net/newDesign/news-details.php?nid=223122
550,7/19/2012,19 to 26,Male,Garment worker,Hanging,quarrel with spouse,Night,Dhaka,http://archive.thedailystar.net/newDesign/news-details.php?nid=242861
703,3/31/2013,19 to 26,Female,Student,hanging,mental illness,Afternoon,Dhaka,http://archive.thedailystar.net/beta2/news/news-in-brief-4/
940,9/9/2014,19 to 26,Female,not given,Hanging,family feud,11:00:00,Dhaka,http://www.thedailystar.net/three-commit-suicide-in-capital-41028
246,4/18/2011,19 to 26,Female,NGO activist,Hanging,family feud,not given,Dhaka,http://archive.thedailystar.net/newDesign/news-details.php?nid=182230
500,4/30/2012,19 to 26,Female,Housewife,Poison,family feud,7:00:00,Shatkhira,http://archive.thedailystar.net/newDesign/news-details.php?nid=232374
554,7/22/2012,19 to 26,Female,Student,Hanging,quarrel with spouse,not given,Dhaka,http://archive.thedailystar.net/newDesign/news-details.php?nid=243258
42,3/16/2010,19 to 26,Female,Housewife,Hanging,family feud,23:30:00,Netrokona,http://archive.thedailystar.net/newDesign/news-details.php?nid=130555
957,10/19/2014,19 to 26,Female,Garment Worker,Hanging,family feud,not given,Chittagong,http://www.thedailystar.net/news-in-brief-46692
976,11/23/2014,19 to 26,Male,student,Hanging,family feud,not given,Dhaka,http://www.thedailystar.net/news-in-brief-51817
336,9/6/2011,19 to 26,Female,housewife,Hanging,family feud,1899-12-30 00:00:00,Dhaka,http://archive.thedailystar.net/newDesign/news-details.php?nid=201411
690,2/24/2013,19 to 26,Female,Housewife,hanging,quarrel with spouse,Morning,Dhaka,http://archive.thedailystar.net/newDesign/news-details.php?nid=270378
39,3/9/2010,19 to 26,Female,Housewife,Poison,family feud,1:30:00,Kushtia,http://archive.thedailystar.net/newDesign/news-details.php?nid=129560
102,8/20/2010,19 to 26,Female,Housewife,Hanging,torture,Morning,Narsingdi,http://archive.thedailystar.net/newDesign/news-details.php?nid=151743
12,1/29/2010,19 to 26,Male,not given,Hanging,family feud,Afternoon,Shatkhira,http://archive.thedailystar.net/newDesign/news-details.php?nid=124183
416,1/14/2012,19 to 26,Female,Housewife,Hanging,mental illness,Noon,Narayanganj,http://archive.thedailystar.net/newDesign/news-details.php?nid=218419
463,3/22/2012,19 to 26,Female,Housewife,Fire,family feud,Night,Jessore,http://archive.thedailystar.net/newDesign/news-details.php?nid=227510
849,2/4/2014,19 to 26,Female,Housewife,Hanging,quarrel with spouse,Not given,Bogra,http://www.thedailystar.net/snippets-10109
638,10/21/2012,19 to 26,Female,not given,Hanging,family feud,not given,Chittagong,http://archive.thedailystar.net/newDesign/news-details.php?nid=254823
652,11/5/2012,19 to 26,Male,Expatriate,Poison,personal problem,Noon1,Chuadanga,http://archive.thedailystar.net/newDesign/news-details.php?nid=256496
208,2/28/2011,19 to 26,Female,housewife,Poison,family feud,afternoon,Kushtia,http://archive.thedailystar.net/newDesign/news-details.php?nid=175929
389,11/29/2011,19 to 26,Female,housewife,Poison,family feud,night,Rangpur,http://archive.thedailystar.net/newDesign/news-details.php?nid=212220
333,9/3/2011,19 to 26,Female,housewife,Poison,family feud,night,Brahmanbaria,http://archive.thedailystar.net/newDesign/news-details.php?nid=200993
758,7/14/2013,19 to 26,Female,Housewife,Hanging,family feud,Night,Dhaka,http://archive.thedailystar.net/beta2/news/two-commit-suicide-in-capital/
120,9/15/2010,19 to 26,Male,not given,Poison,financial problem,Morning,Shatkhira,http://archive.thedailystar.net/newDesign/news-details.php?nid=154654
119,9/15/2010,19 to 26,Female,Housewife,Poison,family feud,not given,Shatkhira,http://archive.thedailystar.net/newDesign/news-details.php?nid=154654
128,9/19/2010,19 to 26,Female,Housewife,Hanging,torture,Afternoon,Meherpur,http://archive.thedailystar.net/newDesign/news-details.php?nid=155335
396,12/12/2011,19 to 26,Male,not given,Hanging,family feud,3:00:00,Jamalpur,http://archive.thedailystar.net/newDesign/news-details.php?nid=213881
768,7/29/2013,19 to 26,Female,Housewife,-,family feud,Morning,Dhaka,http://archive.thedailystar.net/beta2/news/two-women-found-dead-in-capital/
727,5/18/2013,19 to 26,Male,not given,hanging,drug addict,Noon,Jamalpur,http://archive.thedailystar.net/beta2/news/snippets-31/
724,5/14/2013,19 to 26,Female,Student,hanging,personal problem,Morning,Jessore,http://archive.thedailystar.net/beta2/news/snippets-27/
115,9/11/2010,19 to 26,Male,Day labourer,Stabbing himself,personal problem,Morning,Dhaka,http://archive.thedailystar.net/newDesign/news-details.php?nid=154386
720,5/5/2013,19 to 26,Male,not given,Poison,quarrel with spouse,19:30:00,Chuadanga,http://archive.thedailystar.net/beta2/news/snippets-21/
716,4/21/2013,19 to 26,Female,Housewife,hanging,family feud,Night,Tangail,http://archive.thedailystar.net/beta2/news/snaps-and-snippets-4/
705,4/5/2013,19 to 26,Male,not given,hanging,quarrel with spouse,Night,Chittagong,http://archive.thedailystar.net/beta2/news/man-commits-suicide-in-ctg-2/
151,10/31/2010,19 to 26,Female,not given,Poison,family feud,Noon,Kushtia,http://archive.thedailystar.net/newDesign/news-details.php?nid=161054
475,4/1/2012,19 to 26,Female,Housewife,Poison,family feud,Morning,Jessore,http://archive.thedailystar.net/newDesign/news-details.php?nid=228812
800,9/28/2013,19 to 26,Female,Student,Hanging,mental disorder,20:30:00,Dhaka,http://archive.thedailystar.net/beta2/news/two-commit-suicide-in-capital-2/
689,2/8/2010,19 to 26,Male,Accused of muder,hanging,mental illness,10:00:00,Jhalokathi,http://archive.thedailystar.net/newDesign/news-details.php?nid=268502
677,1/4/2013,19 to 26,Male,not given,hanging,physical illness,Night,Jessore,http://archive.thedailystar.net/newDesign/news-details.php?nid=264003
95,8/13/2010,19 to 26,Male,not given,Poison,family feud,not given,Khagrachhari,http://archive.thedailystar.net/newDesign/news-details.php?nid=150790
185,2/7/2011,19 to 26,Female,housewife,Hanging,tortured,not given,Dhaka,http://archive.thedailystar.net/newDesign/news-details.php?nid=173361
839,12/25/2013,19 to 26,Female,Housewife,Poison,family feud,-,Dinajpur,http://www.thedailystar.net/snippets-4081
624,9/30/2012,19 to 26,Female,Student,Poison,family feud,not given,Pabna,http://archive.thedailystar.net/newDesign/news-details.php?nid=252044
595,9/7/2012,19 to 26,Female,not given,Hanging,quarrel with spouse,Morning,Dhaka,http://archive.thedailystar.net/newDesign/news-details.php?nid=248878
28,2/26/2010,19 to 26,Male,not given,Poison,family feud,Night,Kushtia,http://archive.thedailystar.net/newDesign/news-details.php?nid=128170
534,6/19/2012,19 to 26,Female,Housewife,Poison,family feud,Morning,Dhaka,http://archive.thedailystar.net/newDesign/news-details.php?nid=239023
46,3/27/2010,19 to 26,Female,Housewife,Hanging,family feud,Night,Manikganj,http://archive.thedailystar.net/newDesign/news-details.php?nid=132156
905,6/15/2014,19 to 26,Female,Housewife,Hanging,quarrel with husband,-,Bhola,http://www.thedailystar.net/newsarchive/snippets-28917
511,5/11/2012,19 to 26,Female,Accountant,Fire,family feud,Night,Jessore,http://archive.thedailystar.net/newDesign/news-details.php?nid=233902
353,9/29/2011,19 to 26,Male,student,Hanging,frustration,night,Dhaka,http://archive.thedailystar.net/newDesign/news-details.php?nid=204545
536,6/22/2012,19 to 26,Female,Student,Jumped in front of train,personal problem,10:20:00,Pabna,http://archive.thedailystar.net/newDesign/news-details.php?nid=239397
274,6/4/2011,19 to 26,Male,not given,Poison,illness,afternoon,Shatkhira,http://archive.thedailystar.net/newDesign/news-details.php?nid=188716
513,5/13/2012,19 to 26,Female,Housewife,Hanging,family feud,17:00:00,Jessore,http://archive.thedailystar.net/newDesign/news-details.php?nid=234016
623,10/1/2012,19 to 26,Female,not given,Poison,family feud,14:00:00,Chittagong,http://archive.thedailystar.net/newDesign/news-details.php?nid=252131
260,5/7/2011,19 to 26,Female,housewife,Hanging,tortured,night,Pabna,http://archive.thedailystar.net/newDesign/news-details.php?nid=184731
415,1/14/2012,19 to 26,Female,Housewife,Hanging,mental illness,Night,Dhaka,http://archive.thedailystar.net/newDesign/news-details.php?nid=218419
30,3/1/2010,19 to 26,Female,Office manager,Hanging,personal problem,Afternoon,Dhaka,http://archive.thedailystar.net/newDesign/news-details.php?nid=128346
426,2/3/2012,19 to 26,Female,Housewife,Hanging,mental illness,1:00:00,Natore,http://archive.thedailystar.net/newDesign/news-details.php?nid=221138
281,6/13/2011,19 to 26,Male,rickshawpuller,Hanging,family feud,night,Dhaka,http://archive.thedailystar.net/newDesign/news-details.php?nid=189946
535,6/19/2012,19 to 26,Female,Housewife,Hanging,mental illness,Night,Dhaka,http://archive.thedailystar.net/newDesign/news-details.php?nid=239023
276,6/9/2011,19 to 26,Female,housewife,Hanging,mental illness,morning,Dhaka,http://archive.thedailystar.net/newDesign/news-details.php?nid=189354
505,5/7/2012,19 to 26,Female,Housewife,Poison,family feud,Morning,Shatkhira,http://archive.thedailystar.net/newDesign/news-details.php?nid=233234
141,10/12/2010,19 to 26,Male,not given,Poison,family feud,Evening,Thakurgaon,http://archive.thedailystar.net/newDesign/news-details.php?nid=158565
187,2/8/2011,19 to 26,Male,not given,Jumped,family feud,11:00:00,Dhaka,http://archive.thedailystar.net/newDesign/news-details.php?nid=173477
567,8/1/2012,19 to 26,Female,not given,Hanging,family feud,Night,Sirajganj,http://archive.thedailystar.net/newDesign/news-details.php?nid=244600
889,5/4/2014,19 to 26,Male,Student,Jumping off,mental disorder,18:00:00,Dhaka,http://www.thedailystar.net/newsarchive/news-in-brief-22777
810,10/25/2013,19 to 26,Male,not given,Hanging,family feud,Morning,Comilla,http://archive.thedailystar.net/beta2/news/snaps-and-snippets-25/
417,1/18/2012,19 to 26,Male,not given,Poison,mental illness,3:30:00,Chittagong,http://archive.thedailystar.net/newDesign/news-details.php?nid=218979
148,10/29/2010,19 to 26,Female,Housewife,Poison,family feud,Morning,Dinajpur,http://archive.thedailystar.net/newDesign/archive.php?date=2010-10-31
973,11/13/2014,19 to 26,Female,student,Hanging,torture,evening,Dhaka,http://www.thedailystar.net/suicide-or-murder-50317
351,9/23/2011,19 to 26,Male,pesticide trader,Poison,family feud,not given,Jamalpur,http://archive.thedailystar.net/newDesign/news-details.php?nid=203760
712,4/6/2013,19 to 26,Male,not given,hanging,personal problem,Night,Lalmonirhat,http://archive.thedailystar.net/beta2/news/ansar-man-2-youths-commit-suicide/
731,5/31/2013,19 to 26,Female,Housewife,hanging,family feud,not given,Dhaka,http://archive.thedailystar.net/beta2/news/housewife-commits-suicide-in-capital/
311,7/21/2011,19 to 26,Female,housewife,Poison,tortured,7:30:00,Shatkhira,http://archive.thedailystar.net/newDesign/news-details.php?nid=195225
294,7/4/2011,19 to 26,Female,housewife,Hanging,family feud,afternoon,Shatkhira,http://archive.thedailystar.net/newDesign/news-details.php?nid=192945
451,3/11/2012,19 to 26,Female,Housewife,Poison,family feud,0:45:00,Chittagong,http://archive.thedailystar.net/newDesign/news-details.php?nid=225963
237,4/12/2011,19 to 26,Male,Newly married man,Poison,family feud,10:00:00,Shatkhira,http://archive.thedailystar.net/newDesign/news-details.php?nid=181548
649,11/3/2012,19 to 26,Male,Student,Jumping off river,academic problem,22:00:00,Patuakhali,http://archive.thedailystar.net/newDesign/news-details.php?nid=256240
543,7/1/2012,19 to 26,Female,Housewife,Poison,quarrel with spouse,Morning,Magura,http://archive.thedailystar.net/newDesign/news-details.php?nid=240733
300,7/13/2011,27 to 35,Female,housewife,Hanging,family feud,12:15:00,Shatkhira,http://archive.thedailystar.net/newDesign/news-details.php?nid=194195
345,9/16/2011,27 to 35,Female,ex garments worker,Hanging,humiliation,night,Narsingdi,http://archive.thedailystar.net/newDesign/news-details.php?nid=202843
109,9/3/2010,27 to 35,Female,not given,Hanging,torture,Morning,Dhaka,http://archive.thedailystar.net/newDesign/news-details.php?nid=153575
222,3/14/2011,27 to 35,Female,housewife,Hanging,family feud,not given,Dhaka,http://archive.thedailystar.net/newDesign/news-details.php?nid=177787
708,4/6/2013,27 to 35,Male,School peon,hanging,physical illness; financial problem,not given,Pabna,http://archive.thedailystar.net/beta2/news/girl-woman-commit-suicide/
443,3/3/2012,27 to 35,Male,not given,Hanging,family feud,5:30:00,Shatkhira,http://archive.thedailystar.net/newDesign/news-details.php?nid=224834
863,3/12/2014,27 to 35,Male,Doctor,Poison,family feud,Noon,Sylhet,http://www.thedailystar.net/two-siblings-kill-themselves-after-friends-suicide-15384
885,4/25/2014,27 to 35,Male,CNG-run auto rickshaw driver,Hanging,not mentioned,Night,Chittagong,http://www.thedailystar.net/newsarchive/newsi-n-brief-21654
397,12/13/2011,27 to 35,Male,not given,Poison,family feud,not given,Pabna,http://archive.thedailystar.net/newDesign/news-details.php?nid=214098
896,6/1/2014,27 to 35,Male,not given,Jumping off,mental disorder,-,Dhaka,http://www.thedailystar.net/newsarchive/news-in-brief-26705
755,7/8/2013,27 to 35,Female,Housewife,Poison,family feud,Evening,Bogra,http://archive.thedailystar.net/beta2/news/housewife-commits-suicide-3/
93,8/13/2010,27 to 35,Female,Housewife,Setting fire,torture,not given,Dhaka,http://archive.thedailystar.net/newDesign/news-details.php?nid=150712
820,11/19/2013,27 to 35,Female,Housewife,Burning,family feud,Morning,Chuadanga,http://archive.thedailystar.net/beta2/news/housewifecollege-girlcommit-suicide/
958,10/21/2014,27 to 35,Male,not given,Hanging,frustration,morning,Jhenidah,http://www.thedailystar.net/youth-kills-himself-after-killing-cousin-46852
756,7/12/2013,27 to 35,Female,Housewife,Hanging,family feud,-,Dhaka,http://archive.thedailystar.net/beta2/news/two-commit-suicide/
122,9/16/2010,27 to 35,Female,not given,Hanging,family feud,Morning,Dhaka,http://archive.thedailystar.net/newDesign/news-details.php?nid=154728
945,9/14/2014,27 to 35,Female,Housewife,Poison,family feud,12:30:00,Thakurgaon,http://www.thedailystar.net/snippets-41683
971,11/8/2014,27 to 35,Male,suspected rapist,poison,humiliation,not given,Bandarban,http://www.thedailystar.net/snippets-49437
343,9/12/2011,27 to 35,Male,cable connector,Hanging,family feud,morning,Dhaka,http://archive.thedailystar.net/newDesign/news-details.php?nid=202244
956,10/20/2014,27 to 35,Female,Garment Worker,Hanging,family feud,not given,Chittagong,http://www.thedailystar.net/news-in-brief-46692
5,1/14/2010,27 to 35,Female,Housewife,Jumped in front of train,family feud,Morning,Magura,http://archive.thedailystar.net/newDesign/news-details.php?nid=122540
363,10/8/2011,27 to 35,Male,trader,Shot,family feud,not given,Naryanganj,http://archive.thedailystar.net/newDesign/news-details.php?nid=205721
116,9/15/2010,27 to 35,Male,not given,Setting fire,family feud,not given,Dhaka,http://archive.thedailystar.net/newDesign/news-details.php?nid=154611
732,5/31/2013,27 to 35,Female,Housewife,Setting fire,torture,Afternoon,Patuakhali,http://archive.thedailystar.net/beta2/news/agonised-she-kills-herself/
780,8/10/2013,27 to 35,Male,not given,Poison,family feud,Night,Panchagarh,http://archive.thedailystar.net/beta2/news/six-commit-suicide-in-three-districts/
140,10/7/2010,27 to 35,Male,not given,Hanging,family feud,Night,Jessore,http://archive.thedailystar.net/newDesign/news-details.php?nid=157735
728,5/21/2013,27 to 35,Male,not given,Poison,family feud,Evening,Chuadanga,http://archive.thedailystar.net/beta2/news/snippets-33/
806,10/17/2013,27 to 35,Male,not given,Hanging,family feud,Morning,Comilla,http://archive.thedailystar.net/beta2/news/two-commit-suicide-2/
900,6/10/2014,27 to 35,Female,Housewife,Jumping off,family feud,-,Chittagong,http://www.thedailystar.net/newsarchive/news-in-brief-28056
236,4/10/2011,27 to 35,Female,housewife,Poison,family feud,2:00:00,Khagrachhari,http://archive.thedailystar.net/newDesign/news-details.php?nid=181339
491,4/15/2012,27 to 35,Male,Farmer,Hanging,illness,Morning,Magura,http://archive.thedailystar.net/newDesign/news-details.php?nid=230434
458,3/20/2012,27 to 35,Female,not given,Hanging,mental disorder,14:00:00,Dhaka,http://archive.thedailystar.net/newDesign/news-details.php?nid=227156
658,11/11/2012,27 to 35,Female,Housewife,Poison,family feud,20:30:00,Bogra,http://archive.thedailystar.net/newDesign/news-details.php?nid=257416
84,8/5/2010,27 to 35,Female,not given,Setting fire,torture,not given,Dhaka,http://archive.thedailystar.net/newDesign/news-details.php?nid=150186
96,8/13/2010,27 to 35,Male,not given,Poison,family feud,not given,Khagrachhari,http://archive.thedailystar.net/newDesign/news-details.php?nid=150790
375,11/11/2011,27 to 35,Male,grocer,Hanging,illness,9:00:00,Dhaka,http://archive.thedailystar.net/newDesign/news-details.php?nid=209772
851,2/15/2014,27 to 35,Female,Not given,Jumping off building,quarrel with spouse,Morning,Chittagong,http://www.thedailystar.net/news-in-brief-11534
926,8/4/2014,27 to 35,Female,Housewife,Hanging,marital problem,Evening,Chittagong,http://www.thedailystar.net/woman-commits-suicide-in-chittagong-35972
801,9/27/2013,27 to 35,Female,Housewife,Poison,family feud,16:00:00,Bogra,http://archive.thedailystar.net/beta2/news/2-housewives-commit-suicide-in-bogra/
501,5/5/2012,27 to 35,Female,Housewife,Hanging,family feud,Morning,Dhaka,http://archive.thedailystar.net/newDesign/news-details.php?nid=232972
266,5/16/2011,27 to 35,Female,housewife,Poison,family feud,12:15:00,Shatkhira,http://archive.thedailystar.net/newDesign/news-details.php?nid=186021
864,3/14/2014,27 to 35,Male,Not mentioned,Hanging,family feud,21:00:00,Mymensingh,http://www.thedailystar.net/snippets-15703
83,8/5/2010,27 to 35,Female,not given,Hanging,family feud,13:30:00,Sylhet,http://archive.thedailystar.net/newDesign/news-details.php?nid=149841
781,8/9/2013,27 to 35,Female,Housewife,Hanging,family feud,Morning,Pirojpur,http://archive.thedailystar.net/beta2/news/six-commit-suicide-in-three-districts/
219,3/11/2011,27 to 35,Female,housewife,Hanging,family feud,night,Dhaka,http://archive.thedailystar.net/newDesign/news-details.php?nid=177383
858,2/26/2014,27 to 35,Female,Housewife,Jumped under running train,family feud/mental patient,12:30:00,Bogra,http://www.thedailystar.net/snippets-13372
56,5/4/2010,27 to 35,Male,not given,Poison,family feud,5:00:00,Sylhet,http://archive.thedailystar.net/newDesign/news-details.php?nid=137259
59,5/7/2010,27 to 35,Female,Housewife,Poison,family feud,6:00:00,Manikganj,http://archive.thedailystar.net/newDesign/news-details.php?nid=137543
323,8/12/2011,27 to 35,Male,not given,Hanging,family feud,8:00:00,Dhaka,http://archive.thedailystar.net/newDesign/news-details.php?nid=198400
462,3/23/2012,27 to 35,Male,not given,Hanging,family feud,-,Jamalpur,http://archive.thedailystar.net/newDesign/news-details.php?nid=227510
754,7/7/2013,27 to 35,Female,Housewife,Poison,family feud,Night,Bogra,http://archive.thedailystar.net/beta2/news/housewife-commits-suicide-3/
782,8/9/2013,27 to 35,Female,Housewife,Poison,family feud,Afternoon,Pirojpur,http://archive.thedailystar.net/beta2/news/six-commit-suicide-in-three-districts/
961,10/23/2014,27 to 35,Male,Electrical & electronic engineer,Train,family feud,not given,Chittagong,http://www.thedailystar.net/news-in-brief-47207
82,8/4/2010,27 to 35,Male,BDR member,Hanging,personal problem,Noon,Shatkhira,http://archive.thedailystar.net/newDesign/news-details.php?nid=149609
927,8/6/2014,27 to 35,Female,Housewife,Hanging,personal problem,2:30:00,Kushtia,http://www.thedailystar.net/rape-victim-kills-herself-36145
297,7/11/2011,27 to 35,Female,housewife,Hanging,family feud,not given,Pabna,http://archive.thedailystar.net/newDesign/news-details.php?nid=193864
393,12/3/2011,27 to 35,Male,tailor,Hanging,legal matter,6:00:00,Shatkhira,http://archive.thedailystar.net/newDesign/news-details.php?nid=212774
7,1/16/2010,27 to 35,Male,Not given,Poison,personal problem,22:30:00,Bogra,http://archive.thedailystar.net/newDesign/news-details.php?nid=123679
431,2/5/2012,27 to 35,Male,not given,-,drug addiction,-,Magura,http://archive.thedailystar.net/newDesign/news-details.php?nid=221524
616,9/22/2012,27 to 35,Female,not given,Hanging,physical illness,not given,Dhaka,http://archive.thedailystar.net/newDesign/news-details.php?nid=250864
560,7/26/2012,27 to 35,Female,not given,Poison,family feud,Night,Thakurgaon,http://archive.thedailystar.net/newDesign/news-details.php?nid=243797
263,5/12/2011,27 to 35,Male,not given,Hanging,mental illness,morning,Chittagong,http://archive.thedailystar.net/newDesign/news-details.php?nid=185454
170,12/22/2010,27 to 35,Female,Housewife,Poison,family feud,Noon,Jhenidah,http://archive.thedailystar.net/newDesign/news-details.php?nid=167156
411,1/9/2012,27 to 35,Male,Rickshaw puller,Poison,personal problem,Morning,Sylhet,http://archive.thedailystar.net/newDesign/news-details.php?nid=217834
571,8/8/2012,27 to 35,Female,Housewife,Hanging,quarrel with spouse,Night,Jessore,http://archive.thedailystar.net/newDesign/news-details.php?nid=245462
337,9/7/2011,27 to 35,Female,housewife,Poison,family feud,afternoon,Thakurgaon,http://archive.thedailystar.net/newDesign/news-details.php?nid=201611
697,3/18/2013,27 to 35,Female,Housewife,Setting fire,mental illness,23:00:00,Jessore,http://archive.thedailystar.net/beta2/news/housewife-commits-suicide/
406,1/8/2012,27 to 35,Female,Housewife,Hanging,family feud,11:30:00,Dinajpur,http://archive.thedailystar.net/newDesign/news-details.php?nid=217549
410,1/9/2012,27 to 35,Male,not given,Hanging,mental illness,-,Magura,http://archive.thedailystar.net/newDesign/news-details.php?nid=217834
599,9/10/2012,27 to 35,Female,not given,Jumped,mental illness,5:20:00,Dhaka,http://archive.thedailystar.net/newDesign/news-details.php?nid=249255
251,4/20/2011,27 to 35,Male,not given,Hanging,fear,noon,Jhenidah,http://archive.thedailystar.net/newDesign/news-details.php?nid=182480
326,8/16/2011,27 to 35,Female,housewife,Jumped in front of train,family feud,9:30:00,Moulvibazar,http://archive.thedailystar.net/newDesign/news-details.php?nid=198990
678,1/6/2013,27 to 35,Male,not given,slitting throat,famiyl feud,Night,Panchagarh,http://archive.thedailystar.net/newDesign/news-details.php?nid=264425
481,4/7/2012,27 to 35,Male,not given,Poison,family feud,-,Narail,http://archive.thedailystar.net/newDesign/news-details.php?nid=229606
752,7/3/2013,27 to 35,Male,not given,Poison,family feud,3:30:00,Comilla,http://archive.thedailystar.net/beta2/news/snippets-58/
538,6/25/2012,27 to 35,Female,Housewife,Hanging,family feud,Morning,Chittagong,http://archive.thedailystar.net/newDesign/news-details.php?nid=239757
138,10/3/2010,27 to 35,Female,Housewife,Poison,family feud,8:00:00,Thakurgaon,http://archive.thedailystar.net/newDesign/news-details.php?nid=157217
546,7/12/2012,27 to 35,Male,Auto-Rickshaw driver,slitting throat,financial problem,Noon,Dhaka,http://archive.thedailystar.net/newDesign/news-details.php?nid=241917
127,9/19/2010,27 to 35,Female,Housewife,Poison,family feud,Noon,Meherpur,http://archive.thedailystar.net/newDesign/news-details.php?nid=155335
764,7/26/2013,27 to 35,Male,Student,Poison,drug addiction,3:00:00,Dhaka,http://archive.thedailystar.net/beta2/news/3-commit-suicide-in-capital/
241,4/16/2011,27 to 35,Female,housewife,Hanging,family feud,not given,Dhaka,http://archive.thedailystar.net/newDesign/news-details.php?nid=181908
539,6/24/2012,27 to 35,Male,not given,-,personal problem,Night,Jessore,http://archive.thedailystar.net/newDesign/news-details.php?nid=239805
6,1/22/2010,27 to 35,Female,Housewife,Hanging,family feud,Morning,Narayanganj,http://archive.thedailystar.net/newDesign/news-details.php?nid=123380
86,8/9/2010,27 to 35,Female,not given,Jumped under running train,torture,not given,Dhaka,http://archive.thedailystar.net/newDesign/news-details.php?nid=150186
802,9/27/2013,27 to 35,Female,Housewife,Poison,family feud,Evening,Bogra,http://archive.thedailystar.net/beta2/news/2-housewives-commit-suicide-in-bogra/
719,4/29/2013,27 to 35,Female,not given,hanging,financial problem,Night,Chittagong,http://archive.thedailystar.net/beta2/news/news-in-brief-52/
948,9/26/2014,27 to 35,Male,Employee of Islamia Eye Hospital,Hanging,family feud,night,Dhaka,http://www.thedailystar.net/man-commits-suicide-tying-up-wife-43574
718,4/27/2013,27 to 35,Female,Housewife,Poison,family feud,Night,Chuadanga,http://archive.thedailystar.net/beta2/news/young-couple-housewife-commit-suicide/
279,6/11/2011,27 to 35,Female,housewife,Hanging,family feud,not given,Dhaka,http://archive.thedailystar.net/newDesign/news-details.php?nid=189669
523,5/27/2012,27 to 35,Female,Housewife,Poison,family feud,Morning,Dhaka,http://archive.thedailystar.net/newDesign/news-details.php?nid=235964
890,5/8/2014,27 to 35,Male,Destiny official,Hanging,mental stress,-,Habiganj,http://www.thedailystar.net/newsarchive/snippets-23385
637,10/20/2012,27 to 35,Female,Housewife,Setting fire,mental illness,Afternoon,Barisal,http://archive.thedailystar.net/newDesign/news-details.php?nid=254627
332,9/3/2011,27 to 35,Female,housewife,Poison,illness,23:00:00,Chittagong,http://archive.thedailystar.net/newDesign/news-details.php?nid=201021
628,10/3/2012,27 to 35,Female,Housewife,Jumping off river,torture,2:30:00,Dhaka,http://archive.thedailystar.net/newDesign/news-details.php?nid=252383
875,4/3/2014,27 to 35,Female,Mother,Hanging,mental illness,Night,Mymensingh,http://www.thedailystar.net/newsarchive/woman-kills-child-herself-18764
883,4/22/2014,27 to 35,Female,Housewife,Hanging,quarrel with spouse,Not mentioned,Dhaka,http://www.thedailystar.net/newsarchive/news-in-brief-21232
843,1/18/2014,27 to 35,Male,Not given,slitting throat,family feud,Night,Moulvibazar,http://www.thedailystar.net/newly-wed-man-takes-own-life-youth-murdered-before-wedlock-7712
828,12/5/2013,27 to 35,Male,Driver,Hanging,family feud,Morning,Gazipur,http://archive.thedailystar.net/beta2/news/man-kills-himself-after-murdering-wife-in-gazipur/
80,8/1/2010,27 to 35,Male,Accountant,Hanging,torture,8:30:00,Dhaka,http://archive.thedailystar.net/newDesign/news-details.php?nid=149100
608,9/15/2012,27 to 35,Male,Assistant Sub Inspector,Jumped in front of train,allegation,Midnight,Dinajpur,http://archive.thedailystar.net/newDesign/news-details.php?nid=250048
847,2/3/2014,27 to 35,Male,accused of Robbery,strangulating,being arrested for alleged involvement with a robbery,Night,Narsingdi,http://www.thedailystar.net/robbery-accused-commits-suicide-9801
861,3/7/2014,27 to 35,Female,Assistant schoolteacher,Not mentioned,family feud,Night,Rangpur,http://www.thedailystar.net/snap-and-snippets-14680
441,2/29/2012,27 to 35,Male,Rickshaw Puller,Hanging,mental illness,10:00:00,Dhaka,http://archive.thedailystar.net/newDesign/news-details.php?nid=224641
787,8/24/2013,27 to 35,Female,Housewife,Hanging,family feud,Morning,Chittagong,http://archive.thedailystar.net/beta2/news/news-in-brief-248/
955,10/20/2014,27 to 35,Female,Domestic help,Hanging,family feud,not given,Barisal,http://www.thedailystar.net/news-in-brief-46692
515,5/13/2012,27 to 35,Male,not given,Poison,family feud,23:00:00,Shatkhira,http://archive.thedailystar.net/newDesign/news-details.php?nid=234161
953,10/16/2014,27 to 35,Female,Former child actress,Hanging,family feud,possibly evening,Dhaka,http://www.thedailystar.net/former-child-actress-found-dead-46237
325,8/15/2011,27 to 35,Female,housewife,Jumped in front of train,family feud,7:00:00,Habiganj,http://archive.thedailystar.net/newDesign/news-details.php?nid=198857
137,10/4/2010,27 to 35,Male,mentally ill,Hanging,mental illness,Night,Thakurgaon,http://archive.thedailystar.net/newDesign/news-details.php?nid=157217
142,10/14/2010,27 to 35,Female,Cook at police officer's mess,Setting fire,sexually abused,19:30:00,Thakurgaon,http://archive.thedailystar.net/newDesign/news-details.php?nid=158657
338,9/7/2011,27 to 35,Female,housewife,Poison,family feud,13:30:00,Thakurgaon,http://archive.thedailystar.net/newDesign/news-details.php?nid=201611
938,8/30/2014,27 to 35,Male,Not mentioned,Hanging,personal problem,9:30am,Bogra,http://www.thedailystar.net/snaps-and-snippets-39402
706,4/6/2013,27 to 35,Female,not given,hanging,family feud,Morning,Chittagong,http://archive.thedailystar.net/beta2/news/news-in-brief-14/
569,8/7/2012,27 to 35,Male,not given,Poison,family feud,1:00:00,Chittagong,http://archive.thedailystar.net/newDesign/news-details.php?nid=245279
530,6/10/2012,27 to 35,Female,Housewife,Hanging,medical problems,Morning,Thakurgaon,http://archive.thedailystar.net/newDesign/news-details.php?nid=237808
516,5/14/2012,27 to 35,Male,not given,Hanging,family feud,Morning,Shatkhira,http://archive.thedailystar.net/newDesign/news-details.php?nid=234161
508,5/8/2012,27 to 35,Male,Trader,Hanging,personal problem,12:00:00,Dhaka,http://archive.thedailystar.net/newDesign/news-details.php?nid=233430
577,8/23/2012,27 to 35,Male,Contractor,Hanging,financial problem,Morning,Chittagong,http://archive.thedailystar.net/newDesign/news-details.php?nid=246864
699,3/23/2013,27 to 35,Male,not given,Poison,family feud,Night,Chittagong,http://archive.thedailystar.net/beta2/news/man-commits-suicide-in-ctg/
585,8/27/2012,27 to 35,Female,not given,Poison,quarrel with spouse,Noon,Dhaka,http://archive.thedailystar.net/newDesign/news-details.php?nid=247357
807,10/19/2013,27 to 35,Male,not given,Poison,drug addiction,Morning,Dhaka,http://archive.thedailystar.net/beta2/news/news-in-brief-350/
408,1/7/2012,27 to 35,Male,not given,Poison,family feud,Night,Lalmonirhat,http://archive.thedailystar.net/newDesign/news-details.php?nid=217549
41,3/12/2010,36 to 50,Male,Buying house employee,Hanging,family feud,0:45:00,Dhaka,http://archive.thedailystar.net/newDesign/news-details.php?nid=129909
240,4/14/2011,36 to 50,Female,"Scientist, Soil Resources Development Institute",Jumped,psychological problem,9:30:00,Dhaka,http://archive.thedailystar.net/newDesign/news-details.php?nid=181821
846,1/30/2014,36 to 50,Male,Not given,Hanging,family feud,Morning,Comilla,http://www.thedailystar.net/snippets-9324
280,6/13/2011,36 to 50,Female,housewife,Poison,family feud,1:00:00,Dhaka,http://archive.thedailystar.net/newDesign/news-details.php?nid=189946
249,4/18/2011,36 to 50,Female,housewife,Poison,family feud,10:00:00,Shatkhira,http://archive.thedailystar.net/newDesign/news-details.php?nid=182267
203,2/23/2011,36 to 50,Female,schizophrenia,Hanging,illness,23:00:00,Dhaka,http://archive.thedailystar.net/newDesign/news-details.php?nid=175336
741,6/19/2013,36 to 50,Male,Businessman,hanging,mental illness,Morning,Dhaka,http://archive.thedailystar.net/beta2/news/news-in-brief-139/
487,4/9/2012,36 to 50,Female,Housewife,Hanging,family feud,-,Dinajpur,http://archive.thedailystar.net/newDesign/news-details.php?nid=229853
675,1/2/2013,36 to 50,Male,not given,Poison,financial problem,Morning,Rangpur,http://archive.thedailystar.net/newDesign/news-details.php?nid=263734
63,5/17/2010,36 to 50,Female,Housewife,Hanging,family feud,Morning,Jhenidah,http://archive.thedailystar.net/newDesign/news-details.php?nid=138977
394,12/3/2011,36 to 50,Male,not given,Hanging,family feud,6:00:00,Shatkhira,http://archive.thedailystar.net/newDesign/news-details.php?nid=212774
319,8/11/2011,36 to 50,Male,businessman,Hanging,debt burden,morning,Dhaka,http://archive.thedailystar.net/newDesign/news-details.php?nid=198239
917,7/6/2014,36 to 50,Male,not given,Hanging,family feud,-,Dhaka,http://www.thedailystar.net/newsarchive/news-in-brief-32198
114,9/5/2010,36 to 50,Female,Housewife,Hanging,family feud,Night,Sherpur,http://archive.thedailystar.net/newDesign/news-details.php?nid=154146
915,7/3/2014,36 to 50,Female,Housewife,Poison,family feud,Morning,Rangpur,http://www.thedailystar.net/newsarchive/snippets-31668
399,12/27/2011,36 to 50,Male,Tutor,Poison,family feud,11:30:00,Shatkhira,http://archive.thedailystar.net/newDesign/news-details.php?nid=215978
518,5/18/2012,36 to 50,Male,Ex-army,Hanging,mental illness,Noon,Sylhet,http://archive.thedailystar.net/newDesign/news-details.php?nid=234931
510,5/10/2012,36 to 50,Male,Teacher,Poison,family feud,Morning,Jessore,http://archive.thedailystar.net/newDesign/news-details.php?nid=233632
972,11/12/2014,36 to 50,Male,not given,Poison,family feud,not given,Jessore,http://www.thedailystar.net/snippets-50021
423,1/30/2012,36 to 50,Male,Stock broker,Hanging,personal problem,-,Dhaka,http://archive.thedailystar.net/newDesign/news-details.php?nid=220541
181,2/1/2011,36 to 50,Male,not given,Hanging,family feud,not given,Munshiganj,http://archive.thedailystar.net/newDesign/news-details.php?nid=172486
657,11/10/2012,36 to 50,Female,Housewife,Jumped in front of train,family feud,19:00:00,Jessore,http://archive.thedailystar.net/newDesign/news-details.php?nid=257416
199,2/18/2011,36 to 50,Female,housewife,Hanging,family feud,12:00:00,Dhaka,http://archive.thedailystar.net/newDesign/news-details.php?nid=174652
74,7/16/2012,36 to 50,Female,not given,Setting fire,family feud,Night,Narayanganj,http://archive.thedailystar.net/newDesign/news-details.php?nid=147355
537,6/23/2012,36 to 50,Male,Destiny employee,Hanging,personal problem,6:00:00,Dhaka,http://archive.thedailystar.net/newDesign/news-details.php?nid=239462
630,10/2/2012,36 to 50,Female,not given,Poison,quarrel with spouse,Midnight,Gaibandha,http://archive.thedailystar.net/newDesign/news-details.php?nid=252322
750,7/1/2013,36 to 50,Female,Actor,Hanging,family feud,18:40:00,Dhaka,http://archive.thedailystar.net/beta2/news/tv-actress-mita-noor-found-dead-2/
844,1/25/2014,36 to 50,Male,Banker,Jumping off building,financial problem,Afternoon,Chittagong,http://www.thedailystar.net/news-in-brief-8480
895,5/28/2014,36 to 50,Male,not given,Hanging,mental disorder,-,Chittagong,http://www.thedailystar.net/newsarchive/news-in-brief-26318
85,8/9/2010,36 to 50,Male,Private bus company employee,Jumping off building,mental illness,12:30:00,Dhaka,http://archive.thedailystar.net/newDesign/news-details.php?nid=150183
402,12/30/2011,36 to 50,Male,retired warrant officer,Jumped,family feud,afternoon,Dhaka,http://archive.thedailystar.net/newDesign/news-details.php?nid=216425
687,2/8/2013,36 to 50,Male,Goldsmith shop worker,hanging,financial problem,13:00:00,Dhaka,http://archive.thedailystar.net/newDesign/news-details.php?nid=268417
682,2/1/2013,36 to 50,Male,Employee of CNF,hanging,financial problem,Noon,Dhaka,http://archive.thedailystar.net/newDesign/news-details.php?nid=267524
146,10/24/2010,36 to 50,Female,Housewife,Poison,family feud,Morning,Sylhet,http://archive.thedailystar.net/newDesign/news-details.php?nid=159949
216,3/6/2011,36 to 50,Female,housewife,Poison,family feud,22:30:00,Shatkhira,http://archive.thedailystar.net/newDesign/news-details.php?nid=176735
19,2/13/2010,36 to 50,Female,Housewife,Poison,medical reason,11:30:00,Meherpur,http://archive.thedailystar.net/newDesign/news-details.php?nid=126371
492,4/19/2012,36 to 50,Female,Housewife,Hanging,family feud,Night,Shatkhira,http://archive.thedailystar.net/newDesign/news-details.php?nid=230996
318,8/1/2011,36 to 50,Female,housewife,Hanging,family feud,12:30:00,Shatkhira,http://archive.thedailystar.net/newDesign/news-details.php?nid=196729
845,1/25/2014,36 to 50,Male,member of VDP,Hanging,family feud,Night,Dhaka,http://www.thedailystar.net/news-in-brief-8654
171,12/23/2010,36 to 50,Female,Housewife,Poison,family feud,Midnight,Narayanganj,http://archive.thedailystar.net/newDesign/news-details.php?nid=167472
168,12/10/2010,36 to 50,Male,not given,Poison,physical illness,Night,Sylhet,http://archive.thedailystar.net/newDesign/news-details.php?nid=166128
610,9/17/2012,36 to 50,Female,not given,Poison,family feud,19:00:00,Chapainawabganj,http://archive.thedailystar.net/newDesign/news-details.php?nid=250298
826,11/30/2013,36 to 50,Male,not given,Poison,family feud,Afternoon,Chuadanga,http://archive.thedailystar.net/beta2/news/snippets-140/
701,3/25/2013,36 to 50,Male,Van puller,Poison,physical illness,Evening,Bogra,http://archive.thedailystar.net/beta2/news/snaps-and-snippets/
2,1/7/2010,36 to 50,Male,Police,Shooting,family feud,21:15:00,Bogra,http://archive.thedailystar.net/newDesign/news-details.php?nid=121012
744,6/25/2013,36 to 50,Female,Housewife,Poison,mental illness,not given,Dhaka,http://archive.thedailystar.net/beta2/news/news-in-brief-147/
497,4/28/2012,36 to 50,Male,not given,Poison,family feud,Afternoon,Shatkhira,http://archive.thedailystar.net/newDesign/news-details.php?nid=232082
97,8/16/2010,36 to 50,Male,Dhaka City Corporation official,Shooting,physical illness,6:00:00,Dhaka,http://archive.thedailystar.net/newDesign/news-details.php?nid=151084
159,11/8/2010,36 to 50,Male,Medical technician,Hanging,family feud,not given,Dhaka,http://archive.thedailystar.net/newDesign/news-details.php?nid=161909
757,7/12/2013,36 to 50,Male,Water pump operator,Hanging,family feud,-,Dhaka,http://archive.thedailystar.net/beta2/news/two-commit-suicide/
919,7/12/2014,36 to 50,Male,Goldsmith,Hanging,personal problem,-,Chittagong,http://www.thedailystar.net/newsarchive/news-in-brief-33116
273,6/4/2011,36 to 50,Female,housewife,Poison,family feud,morning,Shatkhira,http://archive.thedailystar.net/newDesign/news-details.php?nid=188716
298,7/11/2011,36 to 50,Female,housewife,Poison,death of son,not given,Pabna,http://archive.thedailystar.net/newDesign/news-details.php?nid=193864
533,6/11/2012,36 to 50,Male,not given,Hanging,family feud,Night,Rangpur,http://archive.thedailystar.net/newDesign/news-details.php?nid=238107
914,6/27/2014,36 to 50,Male,Farmer,Poison,marital problem,Afternoon,Chuadanga,http://www.thedailystar.net/newsarchive/snippets-30888
376,11/11/2011,36 to 50,Male,unemployed,Hanging,depression,morning,Chittagong,http://archive.thedailystar.net/newDesign/news-details.php?nid=209775
429,2/7/2012,36 to 50,Male,Bank official,Hanging,medical problems,Night,Jessore,http://archive.thedailystar.net/newDesign/news-details.php?nid=221524
172,12/26/2010,36 to 50,Male,Doctor,slitting throat,drug addict,not given,Dhaka,http://archive.thedailystar.net/newDesign/news-details.php?nid=167659
173,12/26/2010,36 to 50,Female,housemaid,Hanging,allegation,Morning,Dhaka,http://archive.thedailystar.net/newDesign/news-details.php?nid=167659
498,4/29/2012,36 to 50,Male,Bank official,Jumped in front of train,family feud,Night,Kushtia,http://archive.thedailystar.net/newDesign/news-details.php?nid=232374
647,11/1/2012,36 to 50,Female,not given,Poison,family feud,not given,Bogra,http://archive.thedailystar.net/newDesign/news-details.php?nid=256054
215,3/5/2011,36 to 50,Female,Patient,Jumped,illness,8:00:00,Dhaka,http://archive.thedailystar.net/newDesign/news-details.php?nid=176530
737,6/8/2013,36 to 50,Male,Retired Major (army officer),hanging,mental illness,Not known,Dhaka,http://archive.thedailystar.net/beta2/news/ex-army-officer-commits-suicide-in-capital/
272,6/4/2011,36 to 50,Male,former member of Gopalganj Union Parishad,Jumped in front of train,losing election,morning,Dinajpur,http://archive.thedailystar.net/newDesign/news-details.php?nid=188711
876,4/2/2014,51 to 80,Male,Farmer,Hanging,quarrel with spouse,Evening,Chuadanga,http://www.thedailystar.net/newsarchive/snippets-18891
316,7/29/2011,51 to 80,Male,Policeman,Hanging,illness,5:00:00,Chittagong,http://archive.thedailystar.net/newDesign/news-details.php?nid=196348
880,4/16/2014,51 to 80,Male,Not mentioned,Hanging,family feud,Night,Thakurgaon,http://www.thedailystar.net/newsarchive/snippets-20560
939,9/1/2014,51 to 80,Male,Owner of Afsar Group of Industries,Shooting,business loss,18:00:00,Dhaka,http://www.thedailystar.net/couple-found-dead-in-a-banani-flat-39771
496,4/27/2012,51 to 80,Male,not given,Poison,family feud,Morning,Shatkhira,http://archive.thedailystar.net/newDesign/news-details.php?nid=231982
233,4/10/2011,51 to 80,Male,police constable,Poison,family feud,17:00:00,Shatkhira,http://archive.thedailystar.net/newDesign/news-details.php?nid=181339
503,5/5/2012,51 to 80,Male,Tea vendor,Hanging,personal problem,18:15:00,Chittagong,http://archive.thedailystar.net/newDesign/news-details.php?nid=233079
485,4/9/2012,51 to 80,Male,not given,Poison,family feud,1899-12-30 00:00:00,Dinajpur,http://archive.thedailystar.net/newDesign/news-details.php?nid=229853
424,2/2/2012,51 to 80,Male,Stock broker,Hanging,personal problem,8:30:00,Chittagong,http://archive.thedailystar.net/newDesign/news-details.php?nid=221010
888,5/3/2014,51 to 80,Male,Journalist,Hanging,family feud,0:30:00,Patuakhali,http://www.thedailystar.net/newsarchive/amar-desh-barisal-bureau-chief-commits-suicide-22602
308,7/21/2011,51 to 80,Male,not given,Hanging,family feud,7:30:00,Shatkhira,http://archive.thedailystar.net/newDesign/news-details.php?nid=195225
547,7/12/2012,51 to 80,Male,Joint Secretary (public Administration Ministry),Hanging,illness,Morning,Dhaka,http://archive.thedailystar.net/newDesign/news-details.php?nid=241960
452,3/13/2012,51 to 80,Male,Ex-BCIC official,Hanging,medical problems,Morning,Dhaka,http://archive.thedailystar.net/newDesign/news-details.php?nid=226274
817,11/13/2013,51 to 80,Male,not given,Poison,family feud,Morning,Chuadanga,http://archive.thedailystar.net/beta2/news/snippets-131/
486,4/10/2012,51 to 80,Male,not given,Hanging,family feud,1899-12-30 00:00:00,Dinajpur,http://archive.thedailystar.net/newDesign/news-details.php?nid=229853
108,8/29/2010,51 to 80,Female,not given,Hanging,family feud,Morning,Thakurgaon,http://archive.thedailystar.net/newDesign/news-details.php?nid=153031
815,11/8/2013,51 to 80,Male,not given,Hanging,mental disorder,21:00:00,Jessore,http://archive.thedailystar.net/beta2/news/snippets-127/
865,3/16/2014,51 to 80,Female,Elderly,Hanging,financial problem,Morning,Jamalpur,http://www.thedailystar.net/snippets-15870
455,3/17/2012,51 to 80,Male,Freedom fighter,Poison,family feud,-,Jessore,http://archive.thedailystar.net/newDesign/news-details.php?nid=226814
303,7/13/2011,51 to 80,Male,not given,Poison,family feud,not given,Shatkhira,http://archive.thedailystar.net/newDesign/news-details.php?nid=194195
446,3/3/2012,51 to 80,Male,not given,Hanging,family feud,Night,Shatkhira,http://archive.thedailystar.net/newDesign/news-details.php?nid=225183
471,3/30/2012,51 to 80,Male,Doctor,Jumping off,medical problems,Afternoon,Dhaka,http://archive.thedailystar.net/newDesign/news-details.php?nid=228382
252,4/20/2011,51 to 80,Female,not given,Hanging,family feud,night,Jhenidah,http://archive.thedailystar.net/newDesign/news-details.php?nid=182480
392,12/3/2011,51 to 80,Male,not given,Hanging,family feud,5:30:00,Shatkhira,http://archive.thedailystar.net/newDesign/news-details.php?nid=212774
26,2/27/2010,51 to 80,Male,not given,Hanging,family feud,Night,Kushtia,http://archive.thedailystar.net/newDesign/news-details.php?nid=128170
9,1/28/2010,51 to 80,Female,Student,Poison,family feud,Afternoon,Shatkhira,http://archive.thedailystar.net/newDesign/news-details.php?nid=124183
480,4/7/2012,51 to 80,Male,not given,Poison,family feud,-,Narail,http://archive.thedailystar.net/newDesign/news-details.php?nid=229606
432,2/7/2012,81 to 103,Female,not given,Hanging,family feud,5:00:00,Shatkhira,http://archive.thedailystar.net/newDesign/news-details.php?nid=221524
795,9/9/2013,81 to 103,Male,not given,Hanging,family feud,-,Joypurhat,http://archive.thedailystar.net/beta2/news/snippets-95/
